variavel_climatica,lag_dias,pearson,spearman,r2,n_dias_validos,nota_tecnica
temperatura_media,0,-0.0329654629178136,-0.04176269843825862,0.0010867217453857433,3653,R² é exploratório e não implica causalidade; correlação ecológica deve ser interpretada com cautela.
temperatura_media,1,-0.0565621525899817,-0.06387863279389978,0.0031992771056123734,3652,R² é exploratório e não implica causalidade; correlação ecológica deve ser interpretada com cautela.
temperatura_media,2,-0.06652015365777614,-0.07850432637588751,0.004424930842654148,3651,R² é exploratório e não implica causalidade; correlação ecológica deve ser interpretada com cautela.
temperatura_media,3,-0.054243774144185616,-0.06884499494568216,0.00294238703340542,3650,R² é exploratório e não implica causalidade; correlação ecológica deve ser interpretada com cautela.
temperatura_media,4,-0.039297682120953296,-0.05113252995849431,0.0015443078200794923,3649,R² é exploratório e não implica causalidade; correlação ecológica deve ser interpretada com cautela.
temperatura_media,5,-0.04168778374371845,-0.05315499125873816,0.0017378713134630361,3648,R² é exploratório e não implica causalidade; correlação ecológica deve ser interpretada com cautela.
temperatura_media,6,-0.035548651744444215,-0.04231978535446644,0.0012637066408477768,3647,R² é exploratório e não implica causalidade; correlação ecológica deve ser interpretada com cautela.
temperatura_media,7,-0.030660252675750684,-0.045256160195729304,0.000940051094140877,3646,R² é exploratório e não implica causalidade; correlação ecológica deve ser interpretada com cautela.
temperatura_media,8,-0.044347183269264075,-0.052043944366053196,0.0019666726639176956,3645,R² é exploratório e não implica causalidade; correlação ecológica deve ser interpretada com cautela.
temperatura_media,9,-0.04521913561295645,-0.04110882417256298,0.0020447702255829464,3644,R² é exploratório e não implica causalidade; correlação ecológica deve ser interpretada com cautela.
temperatura_media,10,-0.05409014831939416,-0.04915154727341214,0.002925744145214059,3643,R² é exploratório e não implica causalidade; correlação ecológica deve ser interpretada com cautela.
temperatura_media,11,-0.04745985235540144,-0.042614756908047675,0.002252437585596504,3642,R² é exploratório e não implica causalidade; correlação ecológica deve ser interpretada com cautela.
temperatura_media,12,-0.03460825715034041,-0.029553118135426274,0.0011977314629840882,3641,R² é exploratório e não implica causalidade; correlação ecológica deve ser interpretada com cautela.
temperatura_media,13,-0.030782042313017725,-0.031122228250622205,0.0009475341289604136,3640,R² é exploratório e não implica causalidade; correlação ecológica deve ser interpretada com cautela.
temperatura_media,14,-0.023273824304931242,-0.028617550585809365,0.0005416708977768083,3639,R² é exploratório e não implica causalidade; correlação ecológica deve ser interpretada com cautela.
temperatura_media,15,-0.03433655202867051,-0.03941012734719394,0.001178998805217597,3638,R² é exploratório e não implica causalidade; correlação ecológica deve ser interpretada com cautela.
temperatura_media,16,-0.0426633919294693,-0.05083654627221817,0.0018201650109275064,3637,R² é exploratório e não implica causalidade; correlação ecológica deve ser interpretada com cautela.
temperatura_media,17,-0.028787293128664126,-0.04296934051172583,0.0008287082456756329,3636,R² é exploratório e não implica causalidade; correlação ecológica deve ser interpretada com cautela.
temperatura_media,18,-0.025552689822300665,-0.03504026324670315,0.000652939957154708,3635,R² é exploratório e não implica causalidade; correlação ecológica deve ser interpretada com cautela.
temperatura_media,19,-0.03667200879531415,-0.042502303046326365,0.001344836229083598,3634,R² é exploratório e não implica causalidade; correlação ecológica deve ser interpretada com cautela.
temperatura_media,20,-0.04888606270220357,-0.04858652427315418,0.002389847126523779,3633,R² é exploratório e não implica causalidade; correlação ecológica deve ser interpretada com cautela.
temperatura_media,21,-0.035384708953939734,-0.03592687456886467,0.0012520776277550228,3632,R² é exploratório e não implica causalidade; correlação ecológica deve ser interpretada com cautela.
temperatura_media,22,-0.05417123722990902,-0.055318907828423906,0.002934522943019081,3631,R² é exploratório e não implica causalidade; correlação ecológica deve ser interpretada com cautela.
temperatura_media,23,-0.07071762199196517,-0.07953059202310528,0.005000982060198476,3630,R² é exploratório e não implica causalidade; correlação ecológica deve ser interpretada com cautela.
temperatura_media,24,-0.0609855604624778,-0.07061913178516366,0.0037192385849225355,3629,R² é exploratório e não implica causalidade; correlação ecológica deve ser interpretada com cautela.
temperatura_media,25,-0.04876718734140047,-0.06512952512423345,0.00237823856119125,3628,R² é exploratório e não implica causalidade; correlação ecológica deve ser interpretada com cautela.
temperatura_media,26,-0.028156462747746858,-0.04511517208384161,0.0007927863944652565,3627,R² é exploratório e não implica causalidade; correlação ecológica deve ser interpretada com cautela.
temperatura_media,27,-0.03187047990156413,-0.047307638160429495,0.0010157274891560032,3626,R² é exploratório e não implica causalidade; correlação ecológica deve ser interpretada com cautela.
temperatura_media,28,-0.043157852589528096,-0.04807222005408144,0.001862600240139437,3625,R² é exploratório e não implica causalidade; correlação ecológica deve ser interpretada com cautela.
temperatura_media,29,-0.04565746151150132,-0.0425036731044594,0.002084603791674224,3624,R² é exploratório e não implica causalidade; correlação ecológica deve ser interpretada com cautela.
temperatura_media,30,-0.04641563818428417,-0.04950826385601665,0.002154411468054379,3623,R² é exploratório e não implica causalidade; correlação ecológica deve ser interpretada com cautela.
temperatura_maxima,0,-0.008319560190875437,0.0035474840482225454,6.921508176959935e-05,3653,R² é exploratório e não implica causalidade; correlação ecológica deve ser interpretada com cautela.
temperatura_maxima,1,-0.03229631412371773,-0.023233720639926927,0.0010430519059778493,3652,R² é exploratório e não implica causalidade; correlação ecológica deve ser interpretada com cautela.
temperatura_maxima,2,-0.04798348988440271,-0.044589070883423905,0.002302415301486577,3651,R² é exploratório e não implica causalidade; correlação ecológica deve ser interpretada com cautela.
temperatura_maxima,3,-0.038952839479383834,-0.046976358789920604,0.0015173237035066439,3650,R² é exploratório e não implica causalidade; correlação ecológica deve ser interpretada com cautela.
temperatura_maxima,4,-0.02229619646463917,-0.03024166791736812,0.0004971203767897883,3649,R² é exploratório e não implica causalidade; correlação ecológica deve ser interpretada com cautela.
temperatura_maxima,5,-0.02272635935593554,-0.027610482223560683,0.0005164874095751189,3648,R² é exploratório e não implica causalidade; correlação ecológica deve ser interpretada com cautela.
temperatura_maxima,6,-0.015279964221781774,-0.012301686055876605,0.0002334773066189311,3647,R² é exploratório e não implica causalidade; correlação ecológica deve ser interpretada com cautela.
temperatura_maxima,7,-0.004470334406983142,-0.004596755147527705,1.998388971025732e-05,3646,R² é exploratório e não implica causalidade; correlação ecológica deve ser interpretada com cautela.
temperatura_maxima,8,-0.02552921894938586,-0.014637302921139317,0.0006517410201656821,3645,R² é exploratório e não implica causalidade; correlação ecológica deve ser interpretada com cautela.
temperatura_maxima,9,-0.027429114900949923,-0.016404082051413756,0.0007523563442495132,3644,R² é exploratório e não implica causalidade; correlação ecológica deve ser interpretada com cautela.
temperatura_maxima,10,-0.03737721334082548,-0.027170863086874254,0.0013970560771255822,3643,R² é exploratório e não implica causalidade; correlação ecológica deve ser interpretada com cautela.
temperatura_maxima,11,-0.03301841889916016,-0.026486179234762187,0.0010902159866004167,3642,R² é exploratório e não implica causalidade; correlação ecológica deve ser interpretada com cautela.
temperatura_maxima,12,-0.017183803484609194,-0.011030546211984597,0.0002952831021976671,3641,R² é exploratório e não implica causalidade; correlação ecológica deve ser interpretada com cautela.
temperatura_maxima,13,-0.019295052012471267,-0.014430324733982355,0.0003722990321639715,3640,R² é exploratório e não implica causalidade; correlação ecológica deve ser interpretada com cautela.
temperatura_maxima,14,-0.004788855003073918,0.0031547266035138587,2.293313224046609e-05,3639,R² é exploratório e não implica causalidade; correlação ecológica deve ser interpretada com cautela.
temperatura_maxima,15,-0.012486172999415854,-0.0030080492871956384,0.0001559045161713415,3638,R² é exploratório e não implica causalidade; correlação ecológica deve ser interpretada com cautela.
temperatura_maxima,16,-0.02640349222203996,-0.022296790392485194,0.0006971444015193246,3637,R² é exploratório e não implica causalidade; correlação ecológica deve ser interpretada com cautela.
temperatura_maxima,17,-0.021419159069379103,-0.02283892951022954,0.0004587803752393651,3636,R² é exploratório e não implica causalidade; correlação ecológica deve ser interpretada com cautela.
temperatura_maxima,18,-0.011442613430862192,-0.011066349658941101,0.00013093340212814783,3635,R² é exploratório e não implica causalidade; correlação ecológica deve ser interpretada com cautela.
temperatura_maxima,19,-0.016353911185305006,-0.016722041142079744,0.0002674504110568442,3634,R² é exploratório e não implica causalidade; correlação ecológica deve ser interpretada com cautela.
temperatura_maxima,20,-0.029343936333498983,-0.023565723412762595,0.0008610665995444417,3633,R² é exploratório e não implica causalidade; correlação ecológica deve ser interpretada com cautela.
temperatura_maxima,21,-0.014550041333304176,-0.007443385177328235,0.00021170370280085995,3632,R² é exploratório e não implica causalidade; correlação ecológica deve ser interpretada com cautela.
temperatura_maxima,22,-0.028311177677711945,-0.01922991516409268,0.0008015227814989752,3631,R² é exploratório e não implica causalidade; correlação ecológica deve ser interpretada com cautela.
temperatura_maxima,23,-0.054415241788669,-0.045506890191845104,0.002961018538919309,3630,R² é exploratório e não implica causalidade; correlação ecológica deve ser interpretada com cautela.
temperatura_maxima,24,-0.0436880179720927,-0.03373082898749418,0.0019086429143298949,3629,R² é exploratório e não implica causalidade; correlação ecológica deve ser interpretada com cautela.
temperatura_maxima,25,-0.040405570222669905,-0.03998821124038536,0.001632610105019109,3628,R² é exploratório e não implica causalidade; correlação ecológica deve ser interpretada com cautela.
temperatura_maxima,26,-0.008440577055482006,-0.01023498108339041,7.124334102952928e-05,3627,R² é exploratório e não implica causalidade; correlação ecológica deve ser interpretada com cautela.
temperatura_maxima,27,-0.010320471708628159,-0.020904241431969412,0.00010651213628859423,3626,R² é exploratório e não implica causalidade; correlação ecológica deve ser interpretada com cautela.
temperatura_maxima,28,-0.024965577985977653,-0.024512174225371473,0.000623280084173932,3625,R² é exploratório e não implica causalidade; correlação ecológica deve ser interpretada com cautela.
temperatura_maxima,29,-0.02458772424867143,-0.016829581759315808,0.000604556183728705,3624,R² é exploratório e não implica causalidade; correlação ecológica deve ser interpretada com cautela.
temperatura_maxima,30,-0.03033527680019375,-0.026272154394007402,0.0009202290185443731,3623,R² é exploratório e não implica causalidade; correlação ecológica deve ser interpretada com cautela.
temperatura_minima,0,-0.03459674252035348,-0.05434875564095997,0.0011969345930196347,3653,R² é exploratório e não implica causalidade; correlação ecológica deve ser interpretada com cautela.
temperatura_minima,1,-0.049470071347956404,-0.06538419529671263,0.002447287959171897,3652,R² é exploratório e não implica causalidade; correlação ecológica deve ser interpretada com cautela.
temperatura_minima,2,-0.0540038118643977,-0.06615234244596369,0.0029164116958852616,3651,R² é exploratório e não implica causalidade; correlação ecológica deve ser interpretada com cautela.
temperatura_minima,3,-0.039873113409579185,-0.04780770772534244,0.0015898651729731633,3650,R² é exploratório e não implica causalidade; correlação ecológica deve ser interpretada com cautela.
temperatura_minima,4,-0.03496532493717785,-0.050105079616385786,0.001222573947962431,3649,R² é exploratório e não implica causalidade; correlação ecológica deve ser interpretada com cautela.
temperatura_minima,5,-0.036215304552776766,-0.048208276835552344,0.0013115482838503736,3648,R² é exploratório e não implica causalidade; correlação ecológica deve ser interpretada com cautela.
temperatura_minima,6,-0.041043114917509574,-0.0529113062370072,0.001684537282131897,3647,R² é exploratório e não implica causalidade; correlação ecológica deve ser interpretada com cautela.
temperatura_minima,7,-0.04058581351444322,-0.05954411708560316,0.0016472082586291622,3646,R² é exploratório e não implica causalidade; correlação ecológica deve ser interpretada com cautela.
temperatura_minima,8,-0.04023004493781004,-0.05583002383949308,0.001618456515698215,3645,R² é exploratório e não implica causalidade; correlação ecológica deve ser interpretada com cautela.
temperatura_minima,9,-0.03786411382202606,-0.04979270269297654,0.0014336911155273452,3644,R² é exploratório e não implica causalidade; correlação ecológica deve ser interpretada com cautela.
temperatura_minima,10,-0.04288434525658863,-0.05713303150509863,0.0018390670680862957,3643,R² é exploratório e não implica causalidade; correlação ecológica deve ser interpretada com cautela.
temperatura_minima,11,-0.0365035630807654,-0.049163753271710194,0.0013325101175914184,3642,R² é exploratório e não implica causalidade; correlação ecológica deve ser interpretada com cautela.
temperatura_minima,12,-0.023953659565308236,-0.03410739380376777,0.0005737778065706828,3641,R² é exploratório e não implica causalidade; correlação ecológica deve ser interpretada com cautela.
temperatura_minima,13,-0.020515129853223322,-0.03256241480064912,0.00042087055289461475,3640,R² é exploratório e não implica causalidade; correlação ecológica deve ser interpretada com cautela.
temperatura_minima,14,-0.022268449147268176,-0.03819452702458152,0.0004958838274244688,3639,R² é exploratório e não implica causalidade; correlação ecológica deve ser interpretada com cautela.
temperatura_minima,15,-0.029007110582384713,-0.04878766157321213,0.0008414124643386951,3638,R² é exploratório e não implica causalidade; correlação ecológica deve ser interpretada com cautela.
temperatura_minima,16,-0.0344621047113336,-0.059243760648273705,0.0011876366611349213,3637,R² é exploratório e não implica causalidade; correlação ecológica deve ser interpretada com cautela.
temperatura_minima,17,-0.02446969703159357,-0.0509605410972381,0.0005987660728179792,3636,R² é exploratório e não implica causalidade; correlação ecológica deve ser interpretada com cautela.
temperatura_minima,18,-0.023815140272206735,-0.04681875937046704,0.000567160906184883,3635,R² é exploratório e não implica causalidade; correlação ecológica deve ser interpretada com cautela.
temperatura_minima,19,-0.030595469745453664,-0.046761896493101626,0.0009360827689449705,3634,R² é exploratório e não implica causalidade; correlação ecológica deve ser interpretada com cautela.
temperatura_minima,20,-0.03650004515252631,-0.0520592167357166,0.0013322532961364596,3633,R² é exploratório e não implica causalidade; correlação ecológica deve ser interpretada com cautela.
temperatura_minima,21,-0.03562881180357116,-0.049472140247468537,0.0012694122305342915,3632,R² é exploratório e não implica causalidade; correlação ecológica deve ser interpretada com cautela.
temperatura_minima,22,-0.049009467109279545,-0.0666636226866488,0.0024019278663355535,3631,R² é exploratório e não implica causalidade; correlação ecológica deve ser interpretada com cautela.
temperatura_minima,23,-0.04982316582888271,-0.0695252829127057,0.0024823478532123456,3630,R² é exploratório e não implica causalidade; correlação ecológica deve ser interpretada com cautela.
temperatura_minima,24,-0.04541694263700219,-0.06815355457966671,0.002062698678492747,3629,R² é exploratório e não implica causalidade; correlação ecológica deve ser interpretada com cautela.
temperatura_minima,25,-0.03429437019507715,-0.06659362176966512,0.0011761038270769963,3628,R² é exploratório e não implica causalidade; correlação ecológica deve ser interpretada com cautela.
temperatura_minima,26,-0.02419932558385704,-0.04887864096421576,0.0005856073587135179,3627,R² é exploratório e não implica causalidade; correlação ecológica deve ser interpretada com cautela.
temperatura_minima,27,-0.032539602001224334,-0.050067441177012374,0.0010588256983980826,3626,R² é exploratório e não implica causalidade; correlação ecológica deve ser interpretada com cautela.
temperatura_minima,28,-0.030994009625881877,-0.048353992219833136,0.0009606286326892585,3625,R² é exploratório e não implica causalidade; correlação ecológica deve ser interpretada com cautela.
temperatura_minima,29,-0.04032417801338043,-0.05512128628951254,0.0016260393324547939,3624,R² é exploratório e não implica causalidade; correlação ecológica deve ser interpretada com cautela.
temperatura_minima,30,-0.035163796009891744,-0.055286064406890406,0.0012364925498252785,3623,R² é exploratório e não implica causalidade; correlação ecológica deve ser interpretada com cautela.
chuva_mm,0,0.006933984035011006,0.007616763609147578,4.808013459778751e-05,3652,R² é exploratório e não implica causalidade; correlação ecológica deve ser interpretada com cautela.
chuva_mm,1,0.026456555028451886,0.020336587273891735,0.0006999493039735028,3651,R² é exploratório e não implica causalidade; correlação ecológica deve ser interpretada com cautela.
chuva_mm,2,0.03368482513818865,0.024804564741897406,0.0011346674445903459,3650,R² é exploratório e não implica causalidade; correlação ecológica deve ser interpretada com cautela.
chuva_mm,3,0.03370391338074212,0.026436244317447406,0.0011359537771765678,3649,R² é exploratório e não implica causalidade; correlação ecológica deve ser interpretada com cautela.
chuva_mm,4,0.01831639995207567,0.022703213118023945,0.00033549050720439754,3648,R² é exploratório e não implica causalidade; correlação ecológica deve ser interpretada com cautela.
chuva_mm,5,0.01168143983217187,0.01085742387642989,0.00013645603655265155,3647,R² é exploratório e não implica causalidade; correlação ecológica deve ser interpretada com cautela.
chuva_mm,6,-0.0034320259959902946,-0.0030369891032880716,1.1778802437153174e-05,3646,R² é exploratório e não implica causalidade; correlação ecológica deve ser interpretada com cautela.
chuva_mm,7,0.003234860634516795,0.0014947051919839203,1.0464323324746401e-05,3645,R² é exploratório e não implica causalidade; correlação ecológica deve ser interpretada com cautela.
chuva_mm,8,0.011390955612703417,0.021809970439205906,0.00012975386977057948,3644,R² é exploratório e não implica causalidade; correlação ecológica deve ser interpretada com cautela.
chuva_mm,9,0.015178788284019725,0.013725440781771908,0.00023039561377109446,3643,R² é exploratório e não implica causalidade; correlação ecológica deve ser interpretada com cautela.
chuva_mm,10,0.007549720849576638,0.005316942465725525,5.6998284906532196e-05,3642,R² é exploratório e não implica causalidade; correlação ecológica deve ser interpretada com cautela.
chuva_mm,11,0.03172165045241664,0.015359552512826082,0.001006263107425305,3641,R² é exploratório e não implica causalidade; correlação ecológica deve ser interpretada com cautela.
chuva_mm,12,0.019576150977423854,0.014607896903364717,0.0003832256870908929,3640,R² é exploratório e não implica causalidade; correlação ecológica deve ser interpretada com cautela.
chuva_mm,13,0.01682418817072442,0.011019192288533883,0.0002830533076039435,3639,R² é exploratório e não implica causalidade; correlação ecológica deve ser interpretada com cautela.
chuva_mm,14,0.014922133723681742,0.008655203270730927,0.00022267007486743992,3638,R² é exploratório e não implica causalidade; correlação ecológica deve ser interpretada com cautela.
chuva_mm,15,0.019841908887064667,0.008746704152767805,0.0003937013482825758,3637,R² é exploratório e não implica causalidade; correlação ecológica deve ser interpretada com cautela.
chuva_mm,16,0.026121134362823897,0.0194167466602911,0.0006823136604006993,3636,R² é exploratório e não implica causalidade; correlação ecológica deve ser interpretada com cautela.
chuva_mm,17,0.02918404512857517,0.024764876568426766,0.0008517084900667121,3635,R² é exploratório e não implica causalidade; correlação ecológica deve ser interpretada com cautela.
chuva_mm,18,0.037530807765289054,0.01882688164571782,0.001408561531515081,3634,R² é exploratório e não implica causalidade; correlação ecológica deve ser interpretada com cautela.
chuva_mm,19,0.010131973631947592,0.015244475539777595,0.00010265688967848128,3633,R² é exploratório e não implica causalidade; correlação ecológica deve ser interpretada com cautela.
chuva_mm,20,0.03218040725089352,0.024093408053566603,0.0010355786108333603,3632,R² é exploratório e não implica causalidade; correlação ecológica deve ser interpretada com cautela.
chuva_mm,21,0.04338233338688801,0.01757932519741388,0.0018820268500910982,3631,R² é exploratório e não implica causalidade; correlação ecológica deve ser interpretada com cautela.
chuva_mm,22,0.017192184058085126,0.007398620738035833,0.00029557119268707637,3630,R² é exploratório e não implica causalidade; correlação ecológica deve ser interpretada com cautela.
chuva_mm,23,0.018052297601481727,0.020841891906867038,0.00032588544869246295,3629,R² é exploratório e não implica causalidade; correlação ecológica deve ser interpretada com cautela.
chuva_mm,24,0.004563677999734364,0.023690731518427575,2.082715688525945e-05,3628,R² é exploratório e não implica causalidade; correlação ecológica deve ser interpretada com cautela.
chuva_mm,25,0.046534609312411775,0.029201045316924395,0.0021654698638588006,3627,R² é exploratório e não implica causalidade; correlação ecológica deve ser interpretada com cautela.
chuva_mm,26,0.010283712108129202,0.002896521322023229,0.00010575473472288316,3626,R² é exploratório e não implica causalidade; correlação ecológica deve ser interpretada com cautela.
chuva_mm,27,0.0002809606094627872,0.008510266836953736,7.893886406970084e-08,3625,R² é exploratório e não implica causalidade; correlação ecológica deve ser interpretada com cautela.
chuva_mm,28,0.026525609041712528,0.01969857546777599,0.0007036079350337814,3624,R² é exploratório e não implica causalidade; correlação ecológica deve ser interpretada com cautela.
chuva_mm,29,0.011381384675543789,0.0032825284741028935,0.000129535917132703,3623,R² é exploratório e não implica causalidade; correlação ecológica deve ser interpretada com cautela.
chuva_mm,30,0.020344910894065305,0.014313249490359338,0.00041391539928745715,3622,R² é exploratório e não implica causalidade; correlação ecológica deve ser interpretada com cautela.
umidade_relativa,0,0.02647129598562491,0.02363671122471437,0.0007007295111585615,3653,R² é exploratório e não implica causalidade; correlação ecológica deve ser interpretada com cautela.
umidade_relativa,1,0.03219669168330682,0.03452473705368937,0.0010366269553499187,3652,R² é exploratório e não implica causalidade; correlação ecológica deve ser interpretada com cautela.
umidade_relativa,2,0.04074759905701408,0.04378416297582459,0.001660366828911175,3651,R² é exploratório e não implica causalidade; correlação ecológica deve ser interpretada com cautela.
umidade_relativa,3,0.03837089837573894,0.04681712904838702,0.0014723258421612852,3650,R² é exploratório e não implica causalidade; correlação ecológica deve ser interpretada com cautela.
umidade_relativa,4,0.031059673468253404,0.0387515714807258,0.0009647033159545245,3649,R² é exploratório e não implica causalidade; correlação ecológica deve ser interpretada com cautela.
umidade_relativa,5,0.028636212975703068,0.036773702483329875,0.0008200326935898247,3648,R² é exploratório e não implica causalidade; correlação ecológica deve ser interpretada com cautela.
umidade_relativa,6,0.02245384387624248,0.02768372109521431,0.0005041751048186719,3647,R² é exploratório e não implica causalidade; correlação ecológica deve ser interpretada com cautela.
umidade_relativa,7,0.01799124048958326,0.0226350354388132,0.00032368473435402017,3646,R² é exploratório e não implica causalidade; correlação ecológica deve ser interpretada com cautela.
umidade_relativa,8,0.02770079377130444,0.030144463212330264,0.0007673339755603388,3645,R² é exploratório e não implica causalidade; correlação ecológica deve ser interpretada com cautela.
umidade_relativa,9,0.03070206543438673,0.0334191165220351,0.0009426168219373644,3644,R² é exploratório e não implica causalidade; correlação ecológica deve ser interpretada com cautela.
umidade_relativa,10,0.03261935482466493,0.036987840096712625,0.0010640223091773911,3643,R² é exploratório e não implica causalidade; correlação ecológica deve ser interpretada com cautela.
umidade_relativa,11,0.038052471157615675,0.037136447125999575,0.001447990561201173,3642,R² é exploratório e não implica causalidade; correlação ecológica deve ser interpretada com cautela.
umidade_relativa,12,0.035723225832760656,0.03466971107817543,0.0012761488638984182,3641,R² é exploratório e não implica causalidade; correlação ecológica deve ser interpretada com cautela.
umidade_relativa,13,0.0349249692569083,0.035832421161000785,0.00121975347759599,3640,R² é exploratório e não implica causalidade; correlação ecológica deve ser interpretada com cautela.
umidade_relativa,14,0.0291956248970278,0.028101515307291953,0.0008523845131279495,3639,R² é exploratório e não implica causalidade; correlação ecológica deve ser interpretada com cautela.
umidade_relativa,15,0.033485195612970864,0.03444698959707681,0.0011212583252389232,3638,R² é exploratório e não implica causalidade; correlação ecológica deve ser interpretada com cautela.
umidade_relativa,16,0.0397410836442079,0.04257367581483128,0.0015793537292159287,3637,R² é exploratório e não implica causalidade; correlação ecológica deve ser interpretada com cautela.
umidade_relativa,17,0.03250672735185456,0.03824646606528862,0.0010566873231278092,3636,R² é exploratório e não implica causalidade; correlação ecológica deve ser interpretada com cautela.
umidade_relativa,18,0.031778617008658694,0.04059081181060435,0.0010098804989830117,3635,R² é exploratório e não implica causalidade; correlação ecológica deve ser interpretada com cautela.
umidade_relativa,19,0.03830521217675881,0.043839558914700524,0.0014672892799065113,3634,R² é exploratório e não implica causalidade; correlação ecológica deve ser interpretada com cautela.
umidade_relativa,20,0.04328342931722071,0.04532910726412329,0.0018734552534588416,3633,R² é exploratório e não implica causalidade; correlação ecológica deve ser interpretada com cautela.
umidade_relativa,21,0.03138947774522079,0.03461753695589617,0.000985299313117711,3632,R² é exploratório e não implica causalidade; correlação ecológica deve ser interpretada com cautela.
umidade_relativa,22,0.040320211625459734,0.0417528401302905,0.0016257194655218583,3631,R² é exploratório e não implica causalidade; correlação ecológica deve ser interpretada com cautela.
umidade_relativa,23,0.04529504495515512,0.04778434650281279,0.0020516410974895233,3630,R² é exploratório e não implica causalidade; correlação ecológica deve ser interpretada com cautela.
umidade_relativa,24,0.03825551930009817,0.04273758680751329,0.0014634847569201836,3629,R² é exploratório e não implica causalidade; correlação ecológica deve ser interpretada com cautela.
umidade_relativa,25,0.03986129580324848,0.04612690745754748,0.0015889229031140748,3628,R² é exploratório e não implica causalidade; correlação ecológica deve ser interpretada com cautela.
umidade_relativa,26,0.02988329607312412,0.03548682665539425,0.0008930113841939955,3627,R² é exploratório e não implica causalidade; correlação ecológica deve ser interpretada com cautela.
umidade_relativa,27,0.02992623678761047,0.036397712155847396,0.0008955796482681301,3626,R² é exploratório e não implica causalidade; correlação ecológica deve ser interpretada com cautela.
umidade_relativa,28,0.035565590171994746,0.03853164859984796,0.0012649112042822893,3625,R² é exploratório e não implica causalidade; correlação ecológica deve ser interpretada com cautela.
umidade_relativa,29,0.035580515349769824,0.03695153537887308,0.001265973072555206,3624,R² é exploratório e não implica causalidade; correlação ecológica deve ser interpretada com cautela.
umidade_relativa,30,0.036944181154358095,0.040319834080888545,0.001364872521166028,3623,R² é exploratório e não implica causalidade; correlação ecológica deve ser interpretada com cautela.
indice_calor_maximo,0,0.08108481983697642,0.08356030950490693,0.006574748007994925,3653,R² é exploratório e não implica causalidade; correlação ecológica deve ser interpretada com cautela.
indice_calor_maximo,1,0.07900348865777453,0.06030635561326579,0.006241551220099108,3652,R² é exploratório e não implica causalidade; correlação ecológica deve ser interpretada com cautela.
indice_calor_maximo,2,0.08384858588442831,0.05672074500456297,0.007030585354818351,3651,R² é exploratório e não implica causalidade; correlação ecológica deve ser interpretada com cautela.
indice_calor_maximo,3,0.08266691579602131,0.05230199409948328,0.006833818967226478,3650,R² é exploratório e não implica causalidade; correlação ecológica deve ser interpretada com cautela.
indice_calor_maximo,4,0.08201197578271989,0.06143737156010911,0.006725964171785434,3649,R² é exploratório e não implica causalidade; correlação ecológica deve ser interpretada com cautela.
indice_calor_maximo,5,0.08842690656968014,0.061781014027788385,0.00781931780548294,3648,R² é exploratório e não implica causalidade; correlação ecológica deve ser interpretada com cautela.
indice_calor_maximo,6,0.07773713878879471,0.0648502476467272,0.006043062747068331,3647,R² é exploratório e não implica causalidade; correlação ecológica deve ser interpretada com cautela.
indice_calor_maximo,7,0.08358655818195851,0.06849998889391296,0.006986712708705935,3646,R² é exploratório e não implica causalidade; correlação ecológica deve ser interpretada com cautela.
indice_calor_maximo,8,0.08096089636222246,0.06424049919320513,0.006554666739774527,3645,R² é exploratório e não implica causalidade; correlação ecológica deve ser interpretada com cautela.
indice_calor_maximo,9,0.08103406925869082,0.06541447312342184,0.0065665203806223,3644,R² é exploratório e não implica causalidade; correlação ecológica deve ser interpretada com cautela.
indice_calor_maximo,10,0.08075705440601817,0.057163932212519086,0.006521701836336579,3643,R² é exploratório e não implica causalidade; correlação ecológica deve ser interpretada com cautela.
indice_calor_maximo,11,0.08698970294391685,0.0677348558634946,0.007567208418270896,3642,R² é exploratório e não implica causalidade; correlação ecológica deve ser interpretada com cautela.
indice_calor_maximo,12,0.08777423371036397,0.07598448040193279,0.007704316103441595,3641,R² é exploratório e não implica causalidade; correlação ecológica deve ser interpretada com cautela.
indice_calor_maximo,13,0.08675806420645944,0.07449975189636819,0.007526961704852139,3640,R² é exploratório e não implica causalidade; correlação ecológica deve ser interpretada com cautela.
indice_calor_maximo,14,0.08569426387268002,0.08956907701785911,0.007343506860680512,3639,R² é exploratório e não implica causalidade; correlação ecológica deve ser interpretada com cautela.
indice_calor_maximo,15,0.08109753752043569,0.07519337324175554,0.006576810591878475,3638,R² é exploratório e não implica causalidade; correlação ecológica deve ser interpretada com cautela.
indice_calor_maximo,16,0.07644660234576847,0.06643560721938913,0.005844083010212053,3637,R² é exploratório e não implica causalidade; correlação ecológica deve ser interpretada com cautela.
indice_calor_maximo,17,0.08135973384053583,0.06948263582074757,0.00661940629060283,3636,R² é exploratório e não implica causalidade; correlação ecológica deve ser interpretada com cautela.
indice_calor_maximo,18,0.07540559569878337,0.06701531725927447,0.005686003862688377,3635,R² é exploratório e não implica causalidade; correlação ecológica deve ser interpretada com cautela.
indice_calor_maximo,19,0.07291512260237319,0.06312231433809846,0.005316615104119114,3634,R² é exploratório e não implica causalidade; correlação ecológica deve ser interpretada com cautela.
indice_calor_maximo,20,0.06679449058415535,0.05581950244059487,0.004461503972396817,3633,R² é exploratório e não implica causalidade; correlação ecológica deve ser interpretada com cautela.
indice_calor_maximo,21,0.06563157989632432,0.06921054812557609,0.004307504279687602,3632,R² é exploratório e não implica causalidade; correlação ecológica deve ser interpretada com cautela.
indice_calor_maximo,22,0.06805628180830507,0.05585149118656997,0.004631657493571436,3631,R² é exploratório e não implica causalidade; correlação ecológica deve ser interpretada com cautela.
indice_calor_maximo,23,0.06850825856201795,0.041023794865560834,0.004693381491200305,3630,R² é exploratório e não implica causalidade; correlação ecológica deve ser interpretada com cautela.
indice_calor_maximo,24,0.0718111865454146,0.05597963058293867,0.005156846513060335,3629,R² é exploratório e não implica causalidade; correlação ecológica deve ser interpretada com cautela.
indice_calor_maximo,25,0.07231106686543667,0.05698038808807173,0.005228890391217654,3628,R² é exploratório e não implica causalidade; correlação ecológica deve ser interpretada com cautela.
indice_calor_maximo,26,0.07209814316761813,0.07652708164452951,0.005198142248218361,3627,R² é exploratório e não implica causalidade; correlação ecológica deve ser interpretada com cautela.
indice_calor_maximo,27,0.07751647919091355,0.06194050171182222,0.006008804546155333,3626,R² é exploratório e não implica causalidade; correlação ecológica deve ser interpretada com cautela.
indice_calor_maximo,28,0.07875280885864046,0.0631599677825139,0.006202004903125559,3625,R² é exploratório e não implica causalidade; correlação ecológica deve ser interpretada com cautela.
indice_calor_maximo,29,0.07670456698379763,0.06020116346907195,0.005883590596171898,3624,R² é exploratório e não implica causalidade; correlação ecológica deve ser interpretada com cautela.
indice_calor_maximo,30,0.07368414557290871,0.050138662566828564,0.0054293533088096025,3623,R² é exploratório e não implica causalidade; correlação ecológica deve ser interpretada com cautela.
horas_calor_critico,0,0.007498881714348023,0.007305683842028569,5.6233226965783145e-05,3653,R² é exploratório e não implica causalidade; correlação ecológica deve ser interpretada com cautela.
horas_calor_critico,1,-0.01982359427731861,-0.021661275441734292,0.0003929748900717391,3652,R² é exploratório e não implica causalidade; correlação ecológica deve ser interpretada com cautela.
horas_calor_critico,2,-0.04503984699600613,-0.04308206021881672,0.0020285878174236428,3651,R² é exploratório e não implica causalidade; correlação ecológica deve ser interpretada com cautela.
horas_calor_critico,3,-0.03612297464017643,-0.038824478854302964,0.0013048692968548293,3650,R² é exploratório e não implica causalidade; correlação ecológica deve ser interpretada com cautela.
horas_calor_critico,4,-0.029465931495902285,-0.03233928180540939,0.0008682411189212063,3649,R² é exploratório e não implica causalidade; correlação ecológica deve ser interpretada com cautela.
horas_calor_critico,5,-0.029419724038944293,-0.028034258090687107,0.0008655201625276367,3648,R² é exploratório e não implica causalidade; correlação ecológica deve ser interpretada com cautela.
horas_calor_critico,6,-0.0006718439760549379,0.001183482204517721,4.51374328161308e-07,3647,R² é exploratório e não implica causalidade; correlação ecológica deve ser interpretada com cautela.
horas_calor_critico,7,-0.007918562270041517,-0.006909856378671763,6.270362842452506e-05,3646,R² é exploratório e não implica causalidade; correlação ecológica deve ser interpretada com cautela.
horas_calor_critico,8,-0.013016061847418381,-0.014221765133080929,0.00016941786601582038,3645,R² é exploratório e não implica causalidade; correlação ecológica deve ser interpretada com cautela.
horas_calor_critico,9,-0.020822482463899703,-0.019295422951793494,0.00043357577595941067,3644,R² é exploratório e não implica causalidade; correlação ecológica deve ser interpretada com cautela.
horas_calor_critico,10,-0.03407449726904071,-0.0332579662168247,0.0011610713641378627,3643,R² é exploratório e não implica causalidade; correlação ecológica deve ser interpretada com cautela.
horas_calor_critico,11,-0.02831180650181099,-0.026260618779011372,0.0008015583873959871,3642,R² é exploratório e não implica causalidade; correlação ecológica deve ser interpretada com cautela.
horas_calor_critico,12,-0.0013916342966573964,-0.00019739946436394388,1.9366460156331266e-06,3641,R² é exploratório e não implica causalidade; correlação ecológica deve ser interpretada com cautela.
horas_calor_critico,13,-0.019041417599907066,-0.017386215025901052,0.0003625755842140506,3640,R² é exploratório e não implica causalidade; correlação ecológica deve ser interpretada com cautela.
horas_calor_critico,14,-0.003082836564997748,-0.0001841518755702013,9.503881286487114e-06,3639,R² é exploratório e não implica causalidade; correlação ecológica deve ser interpretada com cautela.
horas_calor_critico,15,-0.00019338227461724778,-0.002149767317473226,3.739670413614063e-08,3638,R² é exploratório e não implica causalidade; correlação ecológica deve ser interpretada com cautela.
horas_calor_critico,16,-0.019039142739717133,-0.015738170037287308,0.00036248895626332363,3637,R² é exploratório e não implica causalidade; correlação ecológica deve ser interpretada com cautela.
horas_calor_critico,17,-0.019892751758128616,-0.019952346338583005,0.00039572157251052914,3636,R² é exploratório e não implica causalidade; correlação ecológica deve ser interpretada com cautela.
horas_calor_critico,18,-0.014521322090660371,-0.010565643619353355,0.0002108687952607009,3635,R² é exploratório e não implica causalidade; correlação ecológica deve ser interpretada com cautela.
horas_calor_critico,19,-0.027061408132896904,-0.02082803760224445,0.0007323198101352187,3634,R² é exploratório e não implica causalidade; correlação ecológica deve ser interpretada com cautela.
horas_calor_critico,20,-0.029175482357190002,-0.026154789752413247,0.0008512087707747051,3633,R² é exploratório e não implica causalidade; correlação ecológica deve ser interpretada com cautela.
horas_calor_critico,21,-0.008328638444921106,-0.005305379284199719,6.936621834621787e-05,3632,R² é exploratório e não implica causalidade; correlação ecológica deve ser interpretada com cautela.
horas_calor_critico,22,-0.018745286288209758,-0.014802885941198322,0.0003513857580269448,3631,R² é exploratório e não implica causalidade; correlação ecológica deve ser interpretada com cautela.
horas_calor_critico,23,-0.03650561540033045,-0.03516549561935378,0.0013326599557568436,3630,R² é exploratório e não implica causalidade; correlação ecológica deve ser interpretada com cautela.
horas_calor_critico,24,-0.03131002955023572,-0.029858824161661548,0.000980317950436634,3629,R² é exploratório e não implica causalidade; correlação ecológica deve ser interpretada com cautela.
horas_calor_critico,25,-0.034945717237660934,-0.03146279143063531,0.0012212031532545526,3628,R² é exploratório e não implica causalidade; correlação ecológica deve ser interpretada com cautela.
horas_calor_critico,26,-0.004339554970035249,-0.008383906964194,1.883173733795763e-05,3627,R² é exploratório e não implica causalidade; correlação ecológica deve ser interpretada com cautela.
horas_calor_critico,27,-0.028703114271622334,-0.03611580174903682,0.0008238687688898097,3626,R² é exploratório e não implica causalidade; correlação ecológica deve ser interpretada com cautela.
horas_calor_critico,28,-0.029816992983753596,-0.02964418304208299,0.0008890530705932112,3625,R² é exploratório e não implica causalidade; correlação ecológica deve ser interpretada com cautela.
horas_calor_critico,29,-0.0271553376753162,-0.019070789538951183,0.0007374123642604474,3624,R² é exploratório e não implica causalidade; correlação ecológica deve ser interpretada com cautela.
horas_calor_critico,30,-0.03412269726048248,-0.03193543230226992,0.0011643584683305387,3623,R² é exploratório e não implica causalidade; correlação ecológica deve ser interpretada com cautela.
