regional_v17,classificacao_agrupada_v17,vacina,campo_vacinal,desfecho,total_casos_no_estrato,proporcao_vacinados_pct,status,motivo,n_analisado,vacinados,nao_vacinados,eventos_vacinados,nao_eventos_vacinados,eventos_nao_vacinados,nao_eventos_nao_vacinados,or,ic95_or_inferior,ic95_or_superior,p_value,efetividade_vacinal_estimada_pct,ev_ic95_inferior_pct,ev_ic95_superior_pct,interpretacao_estatistica,interpretacao,relevancia_pratica,alerta_vigilancia
AGUA BOA,Doença meningocócica,Meningocócica polissacarídica A/C,VacinaContraPolissacaridicaAC_bin_v17,Confirmação do caso,8,0.0,"Aplicável, mas insuficiente para OR","Estrato pequeno, sem grupo comparador, sem evento ou campo incompleto.",,,,,,,,,,,,,,,,,,
AGUA BOA,Doença meningocócica,Meningocócica polissacarídica A/C,VacinaContraPolissacaridicaAC_bin_v17,Hospitalização,8,0.0,"Aplicável, mas insuficiente para OR","Estrato pequeno, sem grupo comparador, sem evento ou campo incompleto.",,,,,,,,,,,,,,,,,,
AGUA BOA,Doença meningocócica,Meningocócica polissacarídica A/C,VacinaContraPolissacaridicaAC_bin_v17,Óbito por meningite,8,0.0,"Aplicável, mas insuficiente para OR","Estrato pequeno, sem grupo comparador, sem evento ou campo incompleto.",,,,,,,,,,,,,,,,,,
AGUA BOA,Doença meningocócica,Meningocócica polissacarídica B/C,VacinaContraPolissacaridicaBC_bin_v17,Confirmação do caso,8,0.0,"Aplicável, mas insuficiente para OR","Estrato pequeno, sem grupo comparador, sem evento ou campo incompleto.",,,,,,,,,,,,,,,,,,
AGUA BOA,Doença meningocócica,Meningocócica polissacarídica B/C,VacinaContraPolissacaridicaBC_bin_v17,Hospitalização,8,0.0,"Aplicável, mas insuficiente para OR","Estrato pequeno, sem grupo comparador, sem evento ou campo incompleto.",,,,,,,,,,,,,,,,,,
AGUA BOA,Doença meningocócica,Meningocócica polissacarídica B/C,VacinaContraPolissacaridicaBC_bin_v17,Óbito por meningite,8,0.0,"Aplicável, mas insuficiente para OR","Estrato pequeno, sem grupo comparador, sem evento ou campo incompleto.",,,,,,,,,,,,,,,,,,
AGUA BOA,Doença meningocócica,Meningocócica C conjugada,VacinaConjugadaMeningoC_bin_v17,Confirmação do caso,8,60.0,"Aplicável, mas insuficiente para OR","Estrato pequeno, sem grupo comparador, sem evento ou campo incompleto.",,,,,,,,,,,,,,,,,,
AGUA BOA,Doença meningocócica,Meningocócica C conjugada,VacinaConjugadaMeningoC_bin_v17,Hospitalização,8,60.0,"Aplicável, mas insuficiente para OR","Estrato pequeno, sem grupo comparador, sem evento ou campo incompleto.",,,,,,,,,,,,,,,,,,
AGUA BOA,Doença meningocócica,Meningocócica C conjugada,VacinaConjugadaMeningoC_bin_v17,Óbito por meningite,8,60.0,"Aplicável, mas insuficiente para OR","Estrato pequeno, sem grupo comparador, sem evento ou campo incompleto.",,,,,,,,,,,,,,,,,,
AGUA BOA,Meningite por Hib/Hemófilo,Hib/Hemófilos,VacinaContraHemofilos_bin_v17,Confirmação do caso,2,,"Aplicável, mas insuficiente para OR","Estrato pequeno, sem grupo comparador, sem evento ou campo incompleto.",,,,,,,,,,,,,,,,,,
AGUA BOA,Meningite por Hib/Hemófilo,Hib/Hemófilos,VacinaContraHemofilos_bin_v17,Hospitalização,2,,"Aplicável, mas insuficiente para OR","Estrato pequeno, sem grupo comparador, sem evento ou campo incompleto.",,,,,,,,,,,,,,,,,,
AGUA BOA,Meningite por Hib/Hemófilo,Hib/Hemófilos,VacinaContraHemofilos_bin_v17,Óbito por meningite,2,,"Aplicável, mas insuficiente para OR","Estrato pequeno, sem grupo comparador, sem evento ou campo incompleto.",,,,,,,,,,,,,,,,,,
AGUA BOA,Meningite tuberculosa,BCG,VacinaContraBCG_bin_v17,Confirmação do caso,2,0.0,"Aplicável, mas insuficiente para OR","Estrato pequeno, sem grupo comparador, sem evento ou campo incompleto.",,,,,,,,,,,,,,,,,,
AGUA BOA,Meningite tuberculosa,BCG,VacinaContraBCG_bin_v17,Hospitalização,2,0.0,"Aplicável, mas insuficiente para OR","Estrato pequeno, sem grupo comparador, sem evento ou campo incompleto.",,,,,,,,,,,,,,,,,,
AGUA BOA,Meningite tuberculosa,BCG,VacinaContraBCG_bin_v17,Óbito por meningite,2,0.0,"Aplicável, mas insuficiente para OR","Estrato pequeno, sem grupo comparador, sem evento ou campo incompleto.",,,,,,,,,,,,,,,,,,
ALTA FLORESTA,Doença meningocócica,Meningocócica polissacarídica A/C,VacinaContraPolissacaridicaAC_bin_v17,Confirmação do caso,11,0.0,"Aplicável, mas insuficiente para OR","Estrato pequeno, sem grupo comparador, sem evento ou campo incompleto.",,,,,,,,,,,,,,,,,,
ALTA FLORESTA,Doença meningocócica,Meningocócica polissacarídica A/C,VacinaContraPolissacaridicaAC_bin_v17,Hospitalização,11,0.0,"Aplicável, mas insuficiente para OR","Estrato pequeno, sem grupo comparador, sem evento ou campo incompleto.",,,,,,,,,,,,,,,,,,
ALTA FLORESTA,Doença meningocócica,Meningocócica polissacarídica A/C,VacinaContraPolissacaridicaAC_bin_v17,Óbito por meningite,11,0.0,"Aplicável, mas insuficiente para OR","Estrato pequeno, sem grupo comparador, sem evento ou campo incompleto.",,,,,,,,,,,,,,,,,,
ALTA FLORESTA,Doença meningocócica,Meningocócica polissacarídica B/C,VacinaContraPolissacaridicaBC_bin_v17,Confirmação do caso,11,0.0,"Aplicável, mas insuficiente para OR","Estrato pequeno, sem grupo comparador, sem evento ou campo incompleto.",,,,,,,,,,,,,,,,,,
ALTA FLORESTA,Doença meningocócica,Meningocócica polissacarídica B/C,VacinaContraPolissacaridicaBC_bin_v17,Hospitalização,11,0.0,"Aplicável, mas insuficiente para OR","Estrato pequeno, sem grupo comparador, sem evento ou campo incompleto.",,,,,,,,,,,,,,,,,,
ALTA FLORESTA,Doença meningocócica,Meningocócica polissacarídica B/C,VacinaContraPolissacaridicaBC_bin_v17,Óbito por meningite,11,0.0,"Aplicável, mas insuficiente para OR","Estrato pequeno, sem grupo comparador, sem evento ou campo incompleto.",,,,,,,,,,,,,,,,,,
ALTA FLORESTA,Doença meningocócica,Meningocócica C conjugada,VacinaConjugadaMeningoC_bin_v17,Confirmação do caso,11,28.57142857142857,"Aplicável, mas insuficiente para OR","Estrato pequeno, sem grupo comparador, sem evento ou campo incompleto.",,,,,,,,,,,,,,,,,,
ALTA FLORESTA,Doença meningocócica,Meningocócica C conjugada,VacinaConjugadaMeningoC_bin_v17,Hospitalização,11,28.57142857142857,"Aplicável, mas insuficiente para OR","Estrato pequeno, sem grupo comparador, sem evento ou campo incompleto.",,,,,,,,,,,,,,,,,,
ALTA FLORESTA,Doença meningocócica,Meningocócica C conjugada,VacinaConjugadaMeningoC_bin_v17,Óbito por meningite,11,28.57142857142857,"Aplicável, mas insuficiente para OR","Estrato pequeno, sem grupo comparador, sem evento ou campo incompleto.",,,,,,,,,,,,,,,,,,
ALTA FLORESTA,Meningite pneumocócica,Pneumocócica,VacinaContraPneumococo_bin_v17,Confirmação do caso,4,0.0,"Aplicável, mas insuficiente para OR","Estrato pequeno, sem grupo comparador, sem evento ou campo incompleto.",,,,,,,,,,,,,,,,,,
ALTA FLORESTA,Meningite pneumocócica,Pneumocócica,VacinaContraPneumococo_bin_v17,Hospitalização,4,0.0,"Aplicável, mas insuficiente para OR","Estrato pequeno, sem grupo comparador, sem evento ou campo incompleto.",,,,,,,,,,,,,,,,,,
ALTA FLORESTA,Meningite pneumocócica,Pneumocócica,VacinaContraPneumococo_bin_v17,Óbito por meningite,4,0.0,"Aplicável, mas insuficiente para OR","Estrato pequeno, sem grupo comparador, sem evento ou campo incompleto.",,,,,,,,,,,,,,,,,,
ALTA FLORESTA,Meningite tuberculosa,BCG,VacinaContraBCG_bin_v17,Confirmação do caso,1,100.0,"Aplicável, mas insuficiente para OR","Estrato pequeno, sem grupo comparador, sem evento ou campo incompleto.",,,,,,,,,,,,,,,,,,
ALTA FLORESTA,Meningite tuberculosa,BCG,VacinaContraBCG_bin_v17,Hospitalização,1,100.0,"Aplicável, mas insuficiente para OR","Estrato pequeno, sem grupo comparador, sem evento ou campo incompleto.",,,,,,,,,,,,,,,,,,
ALTA FLORESTA,Meningite tuberculosa,BCG,VacinaContraBCG_bin_v17,Óbito por meningite,1,100.0,"Aplicável, mas insuficiente para OR","Estrato pequeno, sem grupo comparador, sem evento ou campo incompleto.",,,,,,,,,,,,,,,,,,
BARRA DO GARCAS,Doença meningocócica,Meningocócica polissacarídica A/C,VacinaContraPolissacaridicaAC_bin_v17,Confirmação do caso,18,66.66666666666666,"Aplicável, mas insuficiente para OR","Estrato pequeno, sem grupo comparador, sem evento ou campo incompleto.",,,,,,,,,,,,,,,,,,
BARRA DO GARCAS,Doença meningocócica,Meningocócica polissacarídica A/C,VacinaContraPolissacaridicaAC_bin_v17,Hospitalização,18,66.66666666666666,"Aplicável, mas insuficiente para OR","Estrato pequeno, sem grupo comparador, sem evento ou campo incompleto.",,,,,,,,,,,,,,,,,,
BARRA DO GARCAS,Doença meningocócica,Meningocócica polissacarídica A/C,VacinaContraPolissacaridicaAC_bin_v17,Óbito por meningite,18,66.66666666666666,"Aplicável, mas insuficiente para OR","Estrato pequeno, sem grupo comparador, sem evento ou campo incompleto.",,,,,,,,,,,,,,,,,,
BARRA DO GARCAS,Doença meningocócica,Meningocócica polissacarídica B/C,VacinaContraPolissacaridicaBC_bin_v17,Confirmação do caso,18,33.33333333333333,"Aplicável, mas insuficiente para OR","Estrato pequeno, sem grupo comparador, sem evento ou campo incompleto.",,,,,,,,,,,,,,,,,,
BARRA DO GARCAS,Doença meningocócica,Meningocócica polissacarídica B/C,VacinaContraPolissacaridicaBC_bin_v17,Hospitalização,18,33.33333333333333,"Aplicável, mas insuficiente para OR","Estrato pequeno, sem grupo comparador, sem evento ou campo incompleto.",,,,,,,,,,,,,,,,,,
BARRA DO GARCAS,Doença meningocócica,Meningocócica polissacarídica B/C,VacinaContraPolissacaridicaBC_bin_v17,Óbito por meningite,18,33.33333333333333,"Aplicável, mas insuficiente para OR","Estrato pequeno, sem grupo comparador, sem evento ou campo incompleto.",,,,,,,,,,,,,,,,,,
BARRA DO GARCAS,Doença meningocócica,Meningocócica C conjugada,VacinaConjugadaMeningoC_bin_v17,Confirmação do caso,18,60.0,"Aplicável, mas insuficiente para OR","Estrato pequeno, sem grupo comparador, sem evento ou campo incompleto.",,,,,,,,,,,,,,,,,,
BARRA DO GARCAS,Doença meningocócica,Meningocócica C conjugada,VacinaConjugadaMeningoC_bin_v17,Hospitalização,18,60.0,"Aplicável, mas insuficiente para OR","Estrato pequeno, sem grupo comparador, sem evento ou campo incompleto.",,,,,,,,,,,,,,,,,,
BARRA DO GARCAS,Doença meningocócica,Meningocócica C conjugada,VacinaConjugadaMeningoC_bin_v17,Óbito por meningite,18,60.0,"Aplicável, mas insuficiente para OR","Estrato pequeno, sem grupo comparador, sem evento ou campo incompleto.",,,,,,,,,,,,,,,,,,
BARRA DO GARCAS,Meningite pneumocócica,Pneumocócica,VacinaContraPneumococo_bin_v17,Confirmação do caso,4,,"Aplicável, mas insuficiente para OR","Estrato pequeno, sem grupo comparador, sem evento ou campo incompleto.",,,,,,,,,,,,,,,,,,
BARRA DO GARCAS,Meningite pneumocócica,Pneumocócica,VacinaContraPneumococo_bin_v17,Hospitalização,4,,"Aplicável, mas insuficiente para OR","Estrato pequeno, sem grupo comparador, sem evento ou campo incompleto.",,,,,,,,,,,,,,,,,,
BARRA DO GARCAS,Meningite pneumocócica,Pneumocócica,VacinaContraPneumococo_bin_v17,Óbito por meningite,4,,"Aplicável, mas insuficiente para OR","Estrato pequeno, sem grupo comparador, sem evento ou campo incompleto.",,,,,,,,,,,,,,,,,,
BARRA DO GARCAS,Meningite por Hib/Hemófilo,Hib/Hemófilos,VacinaContraHemofilos_bin_v17,Confirmação do caso,1,,"Aplicável, mas insuficiente para OR","Estrato pequeno, sem grupo comparador, sem evento ou campo incompleto.",,,,,,,,,,,,,,,,,,
BARRA DO GARCAS,Meningite por Hib/Hemófilo,Hib/Hemófilos,VacinaContraHemofilos_bin_v17,Hospitalização,1,,"Aplicável, mas insuficiente para OR","Estrato pequeno, sem grupo comparador, sem evento ou campo incompleto.",,,,,,,,,,,,,,,,,,
BARRA DO GARCAS,Meningite por Hib/Hemófilo,Hib/Hemófilos,VacinaContraHemofilos_bin_v17,Óbito por meningite,1,,"Aplicável, mas insuficiente para OR","Estrato pequeno, sem grupo comparador, sem evento ou campo incompleto.",,,,,,,,,,,,,,,,,,
CACERES,Doença meningocócica,Meningocócica polissacarídica A/C,VacinaContraPolissacaridicaAC_bin_v17,Confirmação do caso,14,0.0,"Aplicável, mas insuficiente para OR","Estrato pequeno, sem grupo comparador, sem evento ou campo incompleto.",,,,,,,,,,,,,,,,,,
CACERES,Doença meningocócica,Meningocócica polissacarídica A/C,VacinaContraPolissacaridicaAC_bin_v17,Hospitalização,14,0.0,"Aplicável, mas insuficiente para OR","Estrato pequeno, sem grupo comparador, sem evento ou campo incompleto.",,,,,,,,,,,,,,,,,,
CACERES,Doença meningocócica,Meningocócica polissacarídica A/C,VacinaContraPolissacaridicaAC_bin_v17,Óbito por meningite,14,0.0,"Aplicável, mas insuficiente para OR","Estrato pequeno, sem grupo comparador, sem evento ou campo incompleto.",,,,,,,,,,,,,,,,,,
CACERES,Doença meningocócica,Meningocócica polissacarídica B/C,VacinaContraPolissacaridicaBC_bin_v17,Confirmação do caso,14,0.0,"Aplicável, mas insuficiente para OR","Estrato pequeno, sem grupo comparador, sem evento ou campo incompleto.",,,,,,,,,,,,,,,,,,
CACERES,Doença meningocócica,Meningocócica polissacarídica B/C,VacinaContraPolissacaridicaBC_bin_v17,Hospitalização,14,0.0,"Aplicável, mas insuficiente para OR","Estrato pequeno, sem grupo comparador, sem evento ou campo incompleto.",,,,,,,,,,,,,,,,,,
CACERES,Doença meningocócica,Meningocócica polissacarídica B/C,VacinaContraPolissacaridicaBC_bin_v17,Óbito por meningite,14,0.0,"Aplicável, mas insuficiente para OR","Estrato pequeno, sem grupo comparador, sem evento ou campo incompleto.",,,,,,,,,,,,,,,,,,
CACERES,Doença meningocócica,Meningocócica C conjugada,VacinaConjugadaMeningoC_bin_v17,Confirmação do caso,14,0.0,"Aplicável, mas insuficiente para OR","Estrato pequeno, sem grupo comparador, sem evento ou campo incompleto.",,,,,,,,,,,,,,,,,,
CACERES,Doença meningocócica,Meningocócica C conjugada,VacinaConjugadaMeningoC_bin_v17,Hospitalização,14,0.0,"Aplicável, mas insuficiente para OR","Estrato pequeno, sem grupo comparador, sem evento ou campo incompleto.",,,,,,,,,,,,,,,,,,
CACERES,Doença meningocócica,Meningocócica C conjugada,VacinaConjugadaMeningoC_bin_v17,Óbito por meningite,14,0.0,"Aplicável, mas insuficiente para OR","Estrato pequeno, sem grupo comparador, sem evento ou campo incompleto.",,,,,,,,,,,,,,,,,,
CACERES,Meningite pneumocócica,Pneumocócica,VacinaContraPneumococo_bin_v17,Confirmação do caso,3,0.0,"Aplicável, mas insuficiente para OR","Estrato pequeno, sem grupo comparador, sem evento ou campo incompleto.",,,,,,,,,,,,,,,,,,
CACERES,Meningite pneumocócica,Pneumocócica,VacinaContraPneumococo_bin_v17,Hospitalização,3,0.0,"Aplicável, mas insuficiente para OR","Estrato pequeno, sem grupo comparador, sem evento ou campo incompleto.",,,,,,,,,,,,,,,,,,
CACERES,Meningite pneumocócica,Pneumocócica,VacinaContraPneumococo_bin_v17,Óbito por meningite,3,0.0,"Aplicável, mas insuficiente para OR","Estrato pequeno, sem grupo comparador, sem evento ou campo incompleto.",,,,,,,,,,,,,,,,,,
CACERES,Meningite por Hib/Hemófilo,Hib/Hemófilos,VacinaContraHemofilos_bin_v17,Confirmação do caso,1,0.0,"Aplicável, mas insuficiente para OR","Estrato pequeno, sem grupo comparador, sem evento ou campo incompleto.",,,,,,,,,,,,,,,,,,
CACERES,Meningite por Hib/Hemófilo,Hib/Hemófilos,VacinaContraHemofilos_bin_v17,Hospitalização,1,0.0,"Aplicável, mas insuficiente para OR","Estrato pequeno, sem grupo comparador, sem evento ou campo incompleto.",,,,,,,,,,,,,,,,,,
CACERES,Meningite por Hib/Hemófilo,Hib/Hemófilos,VacinaContraHemofilos_bin_v17,Óbito por meningite,1,0.0,"Aplicável, mas insuficiente para OR","Estrato pequeno, sem grupo comparador, sem evento ou campo incompleto.",,,,,,,,,,,,,,,,,,
CACERES,Meningite tuberculosa,BCG,VacinaContraBCG_bin_v17,Confirmação do caso,4,0.0,"Aplicável, mas insuficiente para OR","Estrato pequeno, sem grupo comparador, sem evento ou campo incompleto.",,,,,,,,,,,,,,,,,,
CACERES,Meningite tuberculosa,BCG,VacinaContraBCG_bin_v17,Hospitalização,4,0.0,"Aplicável, mas insuficiente para OR","Estrato pequeno, sem grupo comparador, sem evento ou campo incompleto.",,,,,,,,,,,,,,,,,,
CACERES,Meningite tuberculosa,BCG,VacinaContraBCG_bin_v17,Óbito por meningite,4,0.0,"Aplicável, mas insuficiente para OR","Estrato pequeno, sem grupo comparador, sem evento ou campo incompleto.",,,,,,,,,,,,,,,,,,
COLIDER,Doença meningocócica,Meningocócica polissacarídica A/C,VacinaContraPolissacaridicaAC_bin_v17,Confirmação do caso,2,,"Aplicável, mas insuficiente para OR","Estrato pequeno, sem grupo comparador, sem evento ou campo incompleto.",,,,,,,,,,,,,,,,,,
COLIDER,Doença meningocócica,Meningocócica polissacarídica A/C,VacinaContraPolissacaridicaAC_bin_v17,Hospitalização,2,,"Aplicável, mas insuficiente para OR","Estrato pequeno, sem grupo comparador, sem evento ou campo incompleto.",,,,,,,,,,,,,,,,,,
COLIDER,Doença meningocócica,Meningocócica polissacarídica A/C,VacinaContraPolissacaridicaAC_bin_v17,Óbito por meningite,2,,"Aplicável, mas insuficiente para OR","Estrato pequeno, sem grupo comparador, sem evento ou campo incompleto.",,,,,,,,,,,,,,,,,,
COLIDER,Doença meningocócica,Meningocócica polissacarídica B/C,VacinaContraPolissacaridicaBC_bin_v17,Confirmação do caso,2,,"Aplicável, mas insuficiente para OR","Estrato pequeno, sem grupo comparador, sem evento ou campo incompleto.",,,,,,,,,,,,,,,,,,
COLIDER,Doença meningocócica,Meningocócica polissacarídica B/C,VacinaContraPolissacaridicaBC_bin_v17,Hospitalização,2,,"Aplicável, mas insuficiente para OR","Estrato pequeno, sem grupo comparador, sem evento ou campo incompleto.",,,,,,,,,,,,,,,,,,
COLIDER,Doença meningocócica,Meningocócica polissacarídica B/C,VacinaContraPolissacaridicaBC_bin_v17,Óbito por meningite,2,,"Aplicável, mas insuficiente para OR","Estrato pequeno, sem grupo comparador, sem evento ou campo incompleto.",,,,,,,,,,,,,,,,,,
COLIDER,Doença meningocócica,Meningocócica C conjugada,VacinaConjugadaMeningoC_bin_v17,Confirmação do caso,2,,"Aplicável, mas insuficiente para OR","Estrato pequeno, sem grupo comparador, sem evento ou campo incompleto.",,,,,,,,,,,,,,,,,,
COLIDER,Doença meningocócica,Meningocócica C conjugada,VacinaConjugadaMeningoC_bin_v17,Hospitalização,2,,"Aplicável, mas insuficiente para OR","Estrato pequeno, sem grupo comparador, sem evento ou campo incompleto.",,,,,,,,,,,,,,,,,,
COLIDER,Doença meningocócica,Meningocócica C conjugada,VacinaConjugadaMeningoC_bin_v17,Óbito por meningite,2,,"Aplicável, mas insuficiente para OR","Estrato pequeno, sem grupo comparador, sem evento ou campo incompleto.",,,,,,,,,,,,,,,,,,
COLIDER,Meningite pneumocócica,Pneumocócica,VacinaContraPneumococo_bin_v17,Confirmação do caso,1,,"Aplicável, mas insuficiente para OR","Estrato pequeno, sem grupo comparador, sem evento ou campo incompleto.",,,,,,,,,,,,,,,,,,
COLIDER,Meningite pneumocócica,Pneumocócica,VacinaContraPneumococo_bin_v17,Hospitalização,1,,"Aplicável, mas insuficiente para OR","Estrato pequeno, sem grupo comparador, sem evento ou campo incompleto.",,,,,,,,,,,,,,,,,,
COLIDER,Meningite pneumocócica,Pneumocócica,VacinaContraPneumococo_bin_v17,Óbito por meningite,1,,"Aplicável, mas insuficiente para OR","Estrato pequeno, sem grupo comparador, sem evento ou campo incompleto.",,,,,,,,,,,,,,,,,,
COLIDER,Meningite tuberculosa,BCG,VacinaContraBCG_bin_v17,Confirmação do caso,2,,"Aplicável, mas insuficiente para OR","Estrato pequeno, sem grupo comparador, sem evento ou campo incompleto.",,,,,,,,,,,,,,,,,,
COLIDER,Meningite tuberculosa,BCG,VacinaContraBCG_bin_v17,Hospitalização,2,,"Aplicável, mas insuficiente para OR","Estrato pequeno, sem grupo comparador, sem evento ou campo incompleto.",,,,,,,,,,,,,,,,,,
COLIDER,Meningite tuberculosa,BCG,VacinaContraBCG_bin_v17,Óbito por meningite,2,,"Aplicável, mas insuficiente para OR","Estrato pequeno, sem grupo comparador, sem evento ou campo incompleto.",,,,,,,,,,,,,,,,,,
CUIABA,Doença meningocócica,Meningocócica polissacarídica A/C,VacinaContraPolissacaridicaAC_bin_v17,Confirmação do caso,82,2.380952380952381,"Aplicável, mas insuficiente para OR","Estrato pequeno, sem grupo comparador, sem evento ou campo incompleto.",,,,,,,,,,,,,,,,,,
CUIABA,Doença meningocócica,Meningocócica polissacarídica A/C,VacinaContraPolissacaridicaAC_bin_v17,Hospitalização,82,2.380952380952381,Aplicável etiologicamente,Par vacina-etiologia coerente.,42.0,1.0,41.0,1.0,0.0,40.0,1.0,0.1111111111111111,0.0030613242349923782,4.032790408552203,1.0,88.88888888888889,-303.27904085522033,99.69386757650076,p=1.0000: não há evidência estatística suficiente ao nível de 5%.,"OR<1 sugere proteção observacional, mas IC95%/p-valor exigem cautela.",Associação protetora de magnitude potencialmente relevante.,Sugere proteção; cautela
CUIABA,Doença meningocócica,Meningocócica polissacarídica A/C,VacinaContraPolissacaridicaAC_bin_v17,Óbito por meningite,82,2.380952380952381,Aplicável etiologicamente,Par vacina-etiologia coerente.,42.0,1.0,41.0,1.0,0.0,13.0,28.0,6.333333333333333,0.2417880951785794,165.8936561019926,0.33333333333333337,0.0,,,p=0.3333: não há evidência estatística suficiente ao nível de 5%.,Sem evidência robusta de proteção observacional.,Aumento expressivo da chance do desfecho; priorizar investigação.,Sem evidência robusta
CUIABA,Doença meningocócica,Meningocócica polissacarídica B/C,VacinaContraPolissacaridicaBC_bin_v17,Confirmação do caso,82,0.0,"Aplicável, mas insuficiente para OR","Estrato pequeno, sem grupo comparador, sem evento ou campo incompleto.",,,,,,,,,,,,,,,,,,
CUIABA,Doença meningocócica,Meningocócica polissacarídica B/C,VacinaContraPolissacaridicaBC_bin_v17,Hospitalização,82,0.0,"Aplicável, mas insuficiente para OR","Estrato pequeno, sem grupo comparador, sem evento ou campo incompleto.",,,,,,,,,,,,,,,,,,
CUIABA,Doença meningocócica,Meningocócica polissacarídica B/C,VacinaContraPolissacaridicaBC_bin_v17,Óbito por meningite,82,0.0,"Aplicável, mas insuficiente para OR","Estrato pequeno, sem grupo comparador, sem evento ou campo incompleto.",,,,,,,,,,,,,,,,,,
CUIABA,Doença meningocócica,Meningocócica C conjugada,VacinaConjugadaMeningoC_bin_v17,Confirmação do caso,82,6.8181818181818175,"Aplicável, mas insuficiente para OR","Estrato pequeno, sem grupo comparador, sem evento ou campo incompleto.",,,,,,,,,,,,,,,,,,
CUIABA,Doença meningocócica,Meningocócica C conjugada,VacinaConjugadaMeningoC_bin_v17,Hospitalização,82,6.8181818181818175,Aplicável etiologicamente,Par vacina-etiologia coerente.,44.0,3.0,41.0,3.0,0.0,40.0,1.0,0.25925925925925924,0.008811048293150988,7.628531960709797,1.0,74.07407407407408,-662.8531960709797,99.11889517068491,p=1.0000: não há evidência estatística suficiente ao nível de 5%.,"OR<1 sugere proteção observacional, mas IC95%/p-valor exigem cautela.",Associação protetora de magnitude potencialmente relevante.,Sugere proteção; cautela
CUIABA,Doença meningocócica,Meningocócica C conjugada,VacinaConjugadaMeningoC_bin_v17,Óbito por meningite,82,6.8181818181818175,Aplicável etiologicamente,Par vacina-etiologia coerente.,44.0,3.0,41.0,2.0,1.0,13.0,28.0,4.3076923076923075,0.3575089102351553,51.90419731230176,0.2642706131078224,0.0,,,p=0.2643: não há evidência estatística suficiente ao nível de 5%.,Sem evidência robusta de proteção observacional.,Aumento expressivo da chance do desfecho; priorizar investigação.,Sem evidência robusta
CUIABA,Meningite pneumocócica,Pneumocócica,VacinaContraPneumococo_bin_v17,Confirmação do caso,64,23.52941176470588,"Aplicável, mas insuficiente para OR","Estrato pequeno, sem grupo comparador, sem evento ou campo incompleto.",,,,,,,,,,,,,,,,,,
CUIABA,Meningite pneumocócica,Pneumocócica,VacinaContraPneumococo_bin_v17,Hospitalização,64,23.52941176470588,Aplicável etiologicamente,Par vacina-etiologia coerente.,34.0,8.0,26.0,8.0,0.0,24.0,2.0,1.7346938775510203,0.0754543286826634,39.880586062445325,1.0,0.0,,,p=1.0000: não há evidência estatística suficiente ao nível de 5%.,Sem evidência robusta de proteção observacional.,Aumento expressivo da chance do desfecho; priorizar investigação.,Sem evidência robusta
CUIABA,Meningite pneumocócica,Pneumocócica,VacinaContraPneumococo_bin_v17,Óbito por meningite,64,23.52941176470588,Aplicável etiologicamente,Par vacina-etiologia coerente.,34.0,8.0,26.0,3.0,5.0,5.0,21.0,2.52,0.4458277118981305,14.244067451444195,0.35510528522371754,0.0,,,p=0.3551: não há evidência estatística suficiente ao nível de 5%.,Sem evidência robusta de proteção observacional.,Aumento expressivo da chance do desfecho; priorizar investigação.,Sem evidência robusta
CUIABA,Meningite por Hib/Hemófilo,Hib/Hemófilos,VacinaContraHemofilos_bin_v17,Confirmação do caso,12,87.5,"Aplicável, mas insuficiente para OR","Estrato pequeno, sem grupo comparador, sem evento ou campo incompleto.",,,,,,,,,,,,,,,,,,
CUIABA,Meningite por Hib/Hemófilo,Hib/Hemófilos,VacinaContraHemofilos_bin_v17,Hospitalização,12,87.5,"Aplicável, mas insuficiente para OR","Estrato pequeno, sem grupo comparador, sem evento ou campo incompleto.",,,,,,,,,,,,,,,,,,
CUIABA,Meningite por Hib/Hemófilo,Hib/Hemófilos,VacinaContraHemofilos_bin_v17,Óbito por meningite,12,87.5,"Aplicável, mas insuficiente para OR","Estrato pequeno, sem grupo comparador, sem evento ou campo incompleto.",,,,,,,,,,,,,,,,,,
CUIABA,Meningite tuberculosa,BCG,VacinaContraBCG_bin_v17,Confirmação do caso,22,0.0,"Aplicável, mas insuficiente para OR","Estrato pequeno, sem grupo comparador, sem evento ou campo incompleto.",,,,,,,,,,,,,,,,,,
CUIABA,Meningite tuberculosa,BCG,VacinaContraBCG_bin_v17,Hospitalização,22,0.0,"Aplicável, mas insuficiente para OR","Estrato pequeno, sem grupo comparador, sem evento ou campo incompleto.",,,,,,,,,,,,,,,,,,
CUIABA,Meningite tuberculosa,BCG,VacinaContraBCG_bin_v17,Óbito por meningite,22,0.0,"Aplicável, mas insuficiente para OR","Estrato pequeno, sem grupo comparador, sem evento ou campo incompleto.",,,,,,,,,,,,,,,,,,
DIAMANTINO,Doença meningocócica,Meningocócica polissacarídica A/C,VacinaContraPolissacaridicaAC_bin_v17,Confirmação do caso,4,,"Aplicável, mas insuficiente para OR","Estrato pequeno, sem grupo comparador, sem evento ou campo incompleto.",,,,,,,,,,,,,,,,,,
DIAMANTINO,Doença meningocócica,Meningocócica polissacarídica A/C,VacinaContraPolissacaridicaAC_bin_v17,Hospitalização,4,,"Aplicável, mas insuficiente para OR","Estrato pequeno, sem grupo comparador, sem evento ou campo incompleto.",,,,,,,,,,,,,,,,,,
DIAMANTINO,Doença meningocócica,Meningocócica polissacarídica A/C,VacinaContraPolissacaridicaAC_bin_v17,Óbito por meningite,4,,"Aplicável, mas insuficiente para OR","Estrato pequeno, sem grupo comparador, sem evento ou campo incompleto.",,,,,,,,,,,,,,,,,,
DIAMANTINO,Doença meningocócica,Meningocócica polissacarídica B/C,VacinaContraPolissacaridicaBC_bin_v17,Confirmação do caso,4,,"Aplicável, mas insuficiente para OR","Estrato pequeno, sem grupo comparador, sem evento ou campo incompleto.",,,,,,,,,,,,,,,,,,
DIAMANTINO,Doença meningocócica,Meningocócica polissacarídica B/C,VacinaContraPolissacaridicaBC_bin_v17,Hospitalização,4,,"Aplicável, mas insuficiente para OR","Estrato pequeno, sem grupo comparador, sem evento ou campo incompleto.",,,,,,,,,,,,,,,,,,
DIAMANTINO,Doença meningocócica,Meningocócica polissacarídica B/C,VacinaContraPolissacaridicaBC_bin_v17,Óbito por meningite,4,,"Aplicável, mas insuficiente para OR","Estrato pequeno, sem grupo comparador, sem evento ou campo incompleto.",,,,,,,,,,,,,,,,,,
DIAMANTINO,Doença meningocócica,Meningocócica C conjugada,VacinaConjugadaMeningoC_bin_v17,Confirmação do caso,4,,"Aplicável, mas insuficiente para OR","Estrato pequeno, sem grupo comparador, sem evento ou campo incompleto.",,,,,,,,,,,,,,,,,,
DIAMANTINO,Doença meningocócica,Meningocócica C conjugada,VacinaConjugadaMeningoC_bin_v17,Hospitalização,4,,"Aplicável, mas insuficiente para OR","Estrato pequeno, sem grupo comparador, sem evento ou campo incompleto.",,,,,,,,,,,,,,,,,,
DIAMANTINO,Doença meningocócica,Meningocócica C conjugada,VacinaConjugadaMeningoC_bin_v17,Óbito por meningite,4,,"Aplicável, mas insuficiente para OR","Estrato pequeno, sem grupo comparador, sem evento ou campo incompleto.",,,,,,,,,,,,,,,,,,
DIAMANTINO,Meningite pneumocócica,Pneumocócica,VacinaContraPneumococo_bin_v17,Confirmação do caso,1,,"Aplicável, mas insuficiente para OR","Estrato pequeno, sem grupo comparador, sem evento ou campo incompleto.",,,,,,,,,,,,,,,,,,
DIAMANTINO,Meningite pneumocócica,Pneumocócica,VacinaContraPneumococo_bin_v17,Hospitalização,1,,"Aplicável, mas insuficiente para OR","Estrato pequeno, sem grupo comparador, sem evento ou campo incompleto.",,,,,,,,,,,,,,,,,,
DIAMANTINO,Meningite pneumocócica,Pneumocócica,VacinaContraPneumococo_bin_v17,Óbito por meningite,1,,"Aplicável, mas insuficiente para OR","Estrato pequeno, sem grupo comparador, sem evento ou campo incompleto.",,,,,,,,,,,,,,,,,,
DIAMANTINO,Meningite por Hib/Hemófilo,Hib/Hemófilos,VacinaContraHemofilos_bin_v17,Confirmação do caso,1,,"Aplicável, mas insuficiente para OR","Estrato pequeno, sem grupo comparador, sem evento ou campo incompleto.",,,,,,,,,,,,,,,,,,
DIAMANTINO,Meningite por Hib/Hemófilo,Hib/Hemófilos,VacinaContraHemofilos_bin_v17,Hospitalização,1,,"Aplicável, mas insuficiente para OR","Estrato pequeno, sem grupo comparador, sem evento ou campo incompleto.",,,,,,,,,,,,,,,,,,
DIAMANTINO,Meningite por Hib/Hemófilo,Hib/Hemófilos,VacinaContraHemofilos_bin_v17,Óbito por meningite,1,,"Aplicável, mas insuficiente para OR","Estrato pequeno, sem grupo comparador, sem evento ou campo incompleto.",,,,,,,,,,,,,,,,,,
DIAMANTINO,Meningite tuberculosa,BCG,VacinaContraBCG_bin_v17,Confirmação do caso,2,100.0,"Aplicável, mas insuficiente para OR","Estrato pequeno, sem grupo comparador, sem evento ou campo incompleto.",,,,,,,,,,,,,,,,,,
DIAMANTINO,Meningite tuberculosa,BCG,VacinaContraBCG_bin_v17,Hospitalização,2,100.0,"Aplicável, mas insuficiente para OR","Estrato pequeno, sem grupo comparador, sem evento ou campo incompleto.",,,,,,,,,,,,,,,,,,
DIAMANTINO,Meningite tuberculosa,BCG,VacinaContraBCG_bin_v17,Óbito por meningite,2,100.0,"Aplicável, mas insuficiente para OR","Estrato pequeno, sem grupo comparador, sem evento ou campo incompleto.",,,,,,,,,,,,,,,,,,
JUARA,Doença meningocócica,Meningocócica polissacarídica A/C,VacinaContraPolissacaridicaAC_bin_v17,Confirmação do caso,3,0.0,"Aplicável, mas insuficiente para OR","Estrato pequeno, sem grupo comparador, sem evento ou campo incompleto.",,,,,,,,,,,,,,,,,,
JUARA,Doença meningocócica,Meningocócica polissacarídica A/C,VacinaContraPolissacaridicaAC_bin_v17,Hospitalização,3,0.0,"Aplicável, mas insuficiente para OR","Estrato pequeno, sem grupo comparador, sem evento ou campo incompleto.",,,,,,,,,,,,,,,,,,
JUARA,Doença meningocócica,Meningocócica polissacarídica A/C,VacinaContraPolissacaridicaAC_bin_v17,Óbito por meningite,3,0.0,"Aplicável, mas insuficiente para OR","Estrato pequeno, sem grupo comparador, sem evento ou campo incompleto.",,,,,,,,,,,,,,,,,,
JUARA,Doença meningocócica,Meningocócica polissacarídica B/C,VacinaContraPolissacaridicaBC_bin_v17,Confirmação do caso,3,0.0,"Aplicável, mas insuficiente para OR","Estrato pequeno, sem grupo comparador, sem evento ou campo incompleto.",,,,,,,,,,,,,,,,,,
JUARA,Doença meningocócica,Meningocócica polissacarídica B/C,VacinaContraPolissacaridicaBC_bin_v17,Hospitalização,3,0.0,"Aplicável, mas insuficiente para OR","Estrato pequeno, sem grupo comparador, sem evento ou campo incompleto.",,,,,,,,,,,,,,,,,,
JUARA,Doença meningocócica,Meningocócica polissacarídica B/C,VacinaContraPolissacaridicaBC_bin_v17,Óbito por meningite,3,0.0,"Aplicável, mas insuficiente para OR","Estrato pequeno, sem grupo comparador, sem evento ou campo incompleto.",,,,,,,,,,,,,,,,,,
JUARA,Doença meningocócica,Meningocócica C conjugada,VacinaConjugadaMeningoC_bin_v17,Confirmação do caso,3,33.33333333333333,"Aplicável, mas insuficiente para OR","Estrato pequeno, sem grupo comparador, sem evento ou campo incompleto.",,,,,,,,,,,,,,,,,,
JUARA,Doença meningocócica,Meningocócica C conjugada,VacinaConjugadaMeningoC_bin_v17,Hospitalização,3,33.33333333333333,"Aplicável, mas insuficiente para OR","Estrato pequeno, sem grupo comparador, sem evento ou campo incompleto.",,,,,,,,,,,,,,,,,,
JUARA,Doença meningocócica,Meningocócica C conjugada,VacinaConjugadaMeningoC_bin_v17,Óbito por meningite,3,33.33333333333333,"Aplicável, mas insuficiente para OR","Estrato pequeno, sem grupo comparador, sem evento ou campo incompleto.",,,,,,,,,,,,,,,,,,
JUARA,Meningite pneumocócica,Pneumocócica,VacinaContraPneumococo_bin_v17,Confirmação do caso,4,0.0,"Aplicável, mas insuficiente para OR","Estrato pequeno, sem grupo comparador, sem evento ou campo incompleto.",,,,,,,,,,,,,,,,,,
JUARA,Meningite pneumocócica,Pneumocócica,VacinaContraPneumococo_bin_v17,Hospitalização,4,0.0,"Aplicável, mas insuficiente para OR","Estrato pequeno, sem grupo comparador, sem evento ou campo incompleto.",,,,,,,,,,,,,,,,,,
JUARA,Meningite pneumocócica,Pneumocócica,VacinaContraPneumococo_bin_v17,Óbito por meningite,4,0.0,"Aplicável, mas insuficiente para OR","Estrato pequeno, sem grupo comparador, sem evento ou campo incompleto.",,,,,,,,,,,,,,,,,,
JUARA,Meningite tuberculosa,BCG,VacinaContraBCG_bin_v17,Confirmação do caso,1,0.0,"Aplicável, mas insuficiente para OR","Estrato pequeno, sem grupo comparador, sem evento ou campo incompleto.",,,,,,,,,,,,,,,,,,
JUARA,Meningite tuberculosa,BCG,VacinaContraBCG_bin_v17,Hospitalização,1,0.0,"Aplicável, mas insuficiente para OR","Estrato pequeno, sem grupo comparador, sem evento ou campo incompleto.",,,,,,,,,,,,,,,,,,
JUARA,Meningite tuberculosa,BCG,VacinaContraBCG_bin_v17,Óbito por meningite,1,0.0,"Aplicável, mas insuficiente para OR","Estrato pequeno, sem grupo comparador, sem evento ou campo incompleto.",,,,,,,,,,,,,,,,,,
JUINA,Doença meningocócica,Meningocócica polissacarídica A/C,VacinaContraPolissacaridicaAC_bin_v17,Confirmação do caso,6,0.0,"Aplicável, mas insuficiente para OR","Estrato pequeno, sem grupo comparador, sem evento ou campo incompleto.",,,,,,,,,,,,,,,,,,
JUINA,Doença meningocócica,Meningocócica polissacarídica A/C,VacinaContraPolissacaridicaAC_bin_v17,Hospitalização,6,0.0,"Aplicável, mas insuficiente para OR","Estrato pequeno, sem grupo comparador, sem evento ou campo incompleto.",,,,,,,,,,,,,,,,,,
JUINA,Doença meningocócica,Meningocócica polissacarídica A/C,VacinaContraPolissacaridicaAC_bin_v17,Óbito por meningite,6,0.0,"Aplicável, mas insuficiente para OR","Estrato pequeno, sem grupo comparador, sem evento ou campo incompleto.",,,,,,,,,,,,,,,,,,
JUINA,Doença meningocócica,Meningocócica polissacarídica B/C,VacinaContraPolissacaridicaBC_bin_v17,Confirmação do caso,6,0.0,"Aplicável, mas insuficiente para OR","Estrato pequeno, sem grupo comparador, sem evento ou campo incompleto.",,,,,,,,,,,,,,,,,,
JUINA,Doença meningocócica,Meningocócica polissacarídica B/C,VacinaContraPolissacaridicaBC_bin_v17,Hospitalização,6,0.0,"Aplicável, mas insuficiente para OR","Estrato pequeno, sem grupo comparador, sem evento ou campo incompleto.",,,,,,,,,,,,,,,,,,
JUINA,Doença meningocócica,Meningocócica polissacarídica B/C,VacinaContraPolissacaridicaBC_bin_v17,Óbito por meningite,6,0.0,"Aplicável, mas insuficiente para OR","Estrato pequeno, sem grupo comparador, sem evento ou campo incompleto.",,,,,,,,,,,,,,,,,,
JUINA,Doença meningocócica,Meningocócica C conjugada,VacinaConjugadaMeningoC_bin_v17,Confirmação do caso,6,0.0,"Aplicável, mas insuficiente para OR","Estrato pequeno, sem grupo comparador, sem evento ou campo incompleto.",,,,,,,,,,,,,,,,,,
JUINA,Doença meningocócica,Meningocócica C conjugada,VacinaConjugadaMeningoC_bin_v17,Hospitalização,6,0.0,"Aplicável, mas insuficiente para OR","Estrato pequeno, sem grupo comparador, sem evento ou campo incompleto.",,,,,,,,,,,,,,,,,,
JUINA,Doença meningocócica,Meningocócica C conjugada,VacinaConjugadaMeningoC_bin_v17,Óbito por meningite,6,0.0,"Aplicável, mas insuficiente para OR","Estrato pequeno, sem grupo comparador, sem evento ou campo incompleto.",,,,,,,,,,,,,,,,,,
JUINA,Meningite pneumocócica,Pneumocócica,VacinaContraPneumococo_bin_v17,Confirmação do caso,7,75.0,"Aplicável, mas insuficiente para OR","Estrato pequeno, sem grupo comparador, sem evento ou campo incompleto.",,,,,,,,,,,,,,,,,,
JUINA,Meningite pneumocócica,Pneumocócica,VacinaContraPneumococo_bin_v17,Hospitalização,7,75.0,"Aplicável, mas insuficiente para OR","Estrato pequeno, sem grupo comparador, sem evento ou campo incompleto.",,,,,,,,,,,,,,,,,,
JUINA,Meningite pneumocócica,Pneumocócica,VacinaContraPneumococo_bin_v17,Óbito por meningite,7,75.0,"Aplicável, mas insuficiente para OR","Estrato pequeno, sem grupo comparador, sem evento ou campo incompleto.",,,,,,,,,,,,,,,,,,
JUINA,Meningite tuberculosa,BCG,VacinaContraBCG_bin_v17,Confirmação do caso,1,,"Aplicável, mas insuficiente para OR","Estrato pequeno, sem grupo comparador, sem evento ou campo incompleto.",,,,,,,,,,,,,,,,,,
JUINA,Meningite tuberculosa,BCG,VacinaContraBCG_bin_v17,Hospitalização,1,,"Aplicável, mas insuficiente para OR","Estrato pequeno, sem grupo comparador, sem evento ou campo incompleto.",,,,,,,,,,,,,,,,,,
JUINA,Meningite tuberculosa,BCG,VacinaContraBCG_bin_v17,Óbito por meningite,1,,"Aplicável, mas insuficiente para OR","Estrato pequeno, sem grupo comparador, sem evento ou campo incompleto.",,,,,,,,,,,,,,,,,,
PEIXOTO DE AZEVEDO,Doença meningocócica,Meningocócica polissacarídica A/C,VacinaContraPolissacaridicaAC_bin_v17,Confirmação do caso,4,0.0,"Aplicável, mas insuficiente para OR","Estrato pequeno, sem grupo comparador, sem evento ou campo incompleto.",,,,,,,,,,,,,,,,,,
PEIXOTO DE AZEVEDO,Doença meningocócica,Meningocócica polissacarídica A/C,VacinaContraPolissacaridicaAC_bin_v17,Hospitalização,4,0.0,"Aplicável, mas insuficiente para OR","Estrato pequeno, sem grupo comparador, sem evento ou campo incompleto.",,,,,,,,,,,,,,,,,,
PEIXOTO DE AZEVEDO,Doença meningocócica,Meningocócica polissacarídica A/C,VacinaContraPolissacaridicaAC_bin_v17,Óbito por meningite,4,0.0,"Aplicável, mas insuficiente para OR","Estrato pequeno, sem grupo comparador, sem evento ou campo incompleto.",,,,,,,,,,,,,,,,,,
PEIXOTO DE AZEVEDO,Doença meningocócica,Meningocócica polissacarídica B/C,VacinaContraPolissacaridicaBC_bin_v17,Confirmação do caso,4,50.0,"Aplicável, mas insuficiente para OR","Estrato pequeno, sem grupo comparador, sem evento ou campo incompleto.",,,,,,,,,,,,,,,,,,
PEIXOTO DE AZEVEDO,Doença meningocócica,Meningocócica polissacarídica B/C,VacinaContraPolissacaridicaBC_bin_v17,Hospitalização,4,50.0,"Aplicável, mas insuficiente para OR","Estrato pequeno, sem grupo comparador, sem evento ou campo incompleto.",,,,,,,,,,,,,,,,,,
PEIXOTO DE AZEVEDO,Doença meningocócica,Meningocócica polissacarídica B/C,VacinaContraPolissacaridicaBC_bin_v17,Óbito por meningite,4,50.0,"Aplicável, mas insuficiente para OR","Estrato pequeno, sem grupo comparador, sem evento ou campo incompleto.",,,,,,,,,,,,,,,,,,
PEIXOTO DE AZEVEDO,Doença meningocócica,Meningocócica C conjugada,VacinaConjugadaMeningoC_bin_v17,Confirmação do caso,4,0.0,"Aplicável, mas insuficiente para OR","Estrato pequeno, sem grupo comparador, sem evento ou campo incompleto.",,,,,,,,,,,,,,,,,,
PEIXOTO DE AZEVEDO,Doença meningocócica,Meningocócica C conjugada,VacinaConjugadaMeningoC_bin_v17,Hospitalização,4,0.0,"Aplicável, mas insuficiente para OR","Estrato pequeno, sem grupo comparador, sem evento ou campo incompleto.",,,,,,,,,,,,,,,,,,
PEIXOTO DE AZEVEDO,Doença meningocócica,Meningocócica C conjugada,VacinaConjugadaMeningoC_bin_v17,Óbito por meningite,4,0.0,"Aplicável, mas insuficiente para OR","Estrato pequeno, sem grupo comparador, sem evento ou campo incompleto.",,,,,,,,,,,,,,,,,,
PEIXOTO DE AZEVEDO,Meningite pneumocócica,Pneumocócica,VacinaContraPneumococo_bin_v17,Confirmação do caso,5,25.0,"Aplicável, mas insuficiente para OR","Estrato pequeno, sem grupo comparador, sem evento ou campo incompleto.",,,,,,,,,,,,,,,,,,
PEIXOTO DE AZEVEDO,Meningite pneumocócica,Pneumocócica,VacinaContraPneumococo_bin_v17,Hospitalização,5,25.0,"Aplicável, mas insuficiente para OR","Estrato pequeno, sem grupo comparador, sem evento ou campo incompleto.",,,,,,,,,,,,,,,,,,
PEIXOTO DE AZEVEDO,Meningite pneumocócica,Pneumocócica,VacinaContraPneumococo_bin_v17,Óbito por meningite,5,25.0,"Aplicável, mas insuficiente para OR","Estrato pequeno, sem grupo comparador, sem evento ou campo incompleto.",,,,,,,,,,,,,,,,,,
PEIXOTO DE AZEVEDO,Meningite tuberculosa,BCG,VacinaContraBCG_bin_v17,Confirmação do caso,1,,"Aplicável, mas insuficiente para OR","Estrato pequeno, sem grupo comparador, sem evento ou campo incompleto.",,,,,,,,,,,,,,,,,,
PEIXOTO DE AZEVEDO,Meningite tuberculosa,BCG,VacinaContraBCG_bin_v17,Hospitalização,1,,"Aplicável, mas insuficiente para OR","Estrato pequeno, sem grupo comparador, sem evento ou campo incompleto.",,,,,,,,,,,,,,,,,,
PEIXOTO DE AZEVEDO,Meningite tuberculosa,BCG,VacinaContraBCG_bin_v17,Óbito por meningite,1,,"Aplicável, mas insuficiente para OR","Estrato pequeno, sem grupo comparador, sem evento ou campo incompleto.",,,,,,,,,,,,,,,,,,
PONTES E LACERDA,Doença meningocócica,Meningocócica polissacarídica A/C,VacinaContraPolissacaridicaAC_bin_v17,Confirmação do caso,3,0.0,"Aplicável, mas insuficiente para OR","Estrato pequeno, sem grupo comparador, sem evento ou campo incompleto.",,,,,,,,,,,,,,,,,,
PONTES E LACERDA,Doença meningocócica,Meningocócica polissacarídica A/C,VacinaContraPolissacaridicaAC_bin_v17,Hospitalização,3,0.0,"Aplicável, mas insuficiente para OR","Estrato pequeno, sem grupo comparador, sem evento ou campo incompleto.",,,,,,,,,,,,,,,,,,
PONTES E LACERDA,Doença meningocócica,Meningocócica polissacarídica A/C,VacinaContraPolissacaridicaAC_bin_v17,Óbito por meningite,3,0.0,"Aplicável, mas insuficiente para OR","Estrato pequeno, sem grupo comparador, sem evento ou campo incompleto.",,,,,,,,,,,,,,,,,,
PONTES E LACERDA,Doença meningocócica,Meningocócica polissacarídica B/C,VacinaContraPolissacaridicaBC_bin_v17,Confirmação do caso,3,0.0,"Aplicável, mas insuficiente para OR","Estrato pequeno, sem grupo comparador, sem evento ou campo incompleto.",,,,,,,,,,,,,,,,,,
PONTES E LACERDA,Doença meningocócica,Meningocócica polissacarídica B/C,VacinaContraPolissacaridicaBC_bin_v17,Hospitalização,3,0.0,"Aplicável, mas insuficiente para OR","Estrato pequeno, sem grupo comparador, sem evento ou campo incompleto.",,,,,,,,,,,,,,,,,,
PONTES E LACERDA,Doença meningocócica,Meningocócica polissacarídica B/C,VacinaContraPolissacaridicaBC_bin_v17,Óbito por meningite,3,0.0,"Aplicável, mas insuficiente para OR","Estrato pequeno, sem grupo comparador, sem evento ou campo incompleto.",,,,,,,,,,,,,,,,,,
PONTES E LACERDA,Doença meningocócica,Meningocócica C conjugada,VacinaConjugadaMeningoC_bin_v17,Confirmação do caso,3,0.0,"Aplicável, mas insuficiente para OR","Estrato pequeno, sem grupo comparador, sem evento ou campo incompleto.",,,,,,,,,,,,,,,,,,
PONTES E LACERDA,Doença meningocócica,Meningocócica C conjugada,VacinaConjugadaMeningoC_bin_v17,Hospitalização,3,0.0,"Aplicável, mas insuficiente para OR","Estrato pequeno, sem grupo comparador, sem evento ou campo incompleto.",,,,,,,,,,,,,,,,,,
PONTES E LACERDA,Doença meningocócica,Meningocócica C conjugada,VacinaConjugadaMeningoC_bin_v17,Óbito por meningite,3,0.0,"Aplicável, mas insuficiente para OR","Estrato pequeno, sem grupo comparador, sem evento ou campo incompleto.",,,,,,,,,,,,,,,,,,
PONTES E LACERDA,Meningite pneumocócica,Pneumocócica,VacinaContraPneumococo_bin_v17,Confirmação do caso,1,100.0,"Aplicável, mas insuficiente para OR","Estrato pequeno, sem grupo comparador, sem evento ou campo incompleto.",,,,,,,,,,,,,,,,,,
PONTES E LACERDA,Meningite pneumocócica,Pneumocócica,VacinaContraPneumococo_bin_v17,Hospitalização,1,100.0,"Aplicável, mas insuficiente para OR","Estrato pequeno, sem grupo comparador, sem evento ou campo incompleto.",,,,,,,,,,,,,,,,,,
PONTES E LACERDA,Meningite pneumocócica,Pneumocócica,VacinaContraPneumococo_bin_v17,Óbito por meningite,1,100.0,"Aplicável, mas insuficiente para OR","Estrato pequeno, sem grupo comparador, sem evento ou campo incompleto.",,,,,,,,,,,,,,,,,,
PONTES E LACERDA,Meningite tuberculosa,BCG,VacinaContraBCG_bin_v17,Confirmação do caso,2,,"Aplicável, mas insuficiente para OR","Estrato pequeno, sem grupo comparador, sem evento ou campo incompleto.",,,,,,,,,,,,,,,,,,
PONTES E LACERDA,Meningite tuberculosa,BCG,VacinaContraBCG_bin_v17,Hospitalização,2,,"Aplicável, mas insuficiente para OR","Estrato pequeno, sem grupo comparador, sem evento ou campo incompleto.",,,,,,,,,,,,,,,,,,
PONTES E LACERDA,Meningite tuberculosa,BCG,VacinaContraBCG_bin_v17,Óbito por meningite,2,,"Aplicável, mas insuficiente para OR","Estrato pequeno, sem grupo comparador, sem evento ou campo incompleto.",,,,,,,,,,,,,,,,,,
PORTO ALEGRE DO NORTE,Doença meningocócica,Meningocócica polissacarídica A/C,VacinaContraPolissacaridicaAC_bin_v17,Confirmação do caso,2,0.0,"Aplicável, mas insuficiente para OR","Estrato pequeno, sem grupo comparador, sem evento ou campo incompleto.",,,,,,,,,,,,,,,,,,
PORTO ALEGRE DO NORTE,Doença meningocócica,Meningocócica polissacarídica A/C,VacinaContraPolissacaridicaAC_bin_v17,Hospitalização,2,0.0,"Aplicável, mas insuficiente para OR","Estrato pequeno, sem grupo comparador, sem evento ou campo incompleto.",,,,,,,,,,,,,,,,,,
PORTO ALEGRE DO NORTE,Doença meningocócica,Meningocócica polissacarídica A/C,VacinaContraPolissacaridicaAC_bin_v17,Óbito por meningite,2,0.0,"Aplicável, mas insuficiente para OR","Estrato pequeno, sem grupo comparador, sem evento ou campo incompleto.",,,,,,,,,,,,,,,,,,
PORTO ALEGRE DO NORTE,Doença meningocócica,Meningocócica polissacarídica B/C,VacinaContraPolissacaridicaBC_bin_v17,Confirmação do caso,2,0.0,"Aplicável, mas insuficiente para OR","Estrato pequeno, sem grupo comparador, sem evento ou campo incompleto.",,,,,,,,,,,,,,,,,,
PORTO ALEGRE DO NORTE,Doença meningocócica,Meningocócica polissacarídica B/C,VacinaContraPolissacaridicaBC_bin_v17,Hospitalização,2,0.0,"Aplicável, mas insuficiente para OR","Estrato pequeno, sem grupo comparador, sem evento ou campo incompleto.",,,,,,,,,,,,,,,,,,
PORTO ALEGRE DO NORTE,Doença meningocócica,Meningocócica polissacarídica B/C,VacinaContraPolissacaridicaBC_bin_v17,Óbito por meningite,2,0.0,"Aplicável, mas insuficiente para OR","Estrato pequeno, sem grupo comparador, sem evento ou campo incompleto.",,,,,,,,,,,,,,,,,,
PORTO ALEGRE DO NORTE,Doença meningocócica,Meningocócica C conjugada,VacinaConjugadaMeningoC_bin_v17,Confirmação do caso,2,0.0,"Aplicável, mas insuficiente para OR","Estrato pequeno, sem grupo comparador, sem evento ou campo incompleto.",,,,,,,,,,,,,,,,,,
PORTO ALEGRE DO NORTE,Doença meningocócica,Meningocócica C conjugada,VacinaConjugadaMeningoC_bin_v17,Hospitalização,2,0.0,"Aplicável, mas insuficiente para OR","Estrato pequeno, sem grupo comparador, sem evento ou campo incompleto.",,,,,,,,,,,,,,,,,,
PORTO ALEGRE DO NORTE,Doença meningocócica,Meningocócica C conjugada,VacinaConjugadaMeningoC_bin_v17,Óbito por meningite,2,0.0,"Aplicável, mas insuficiente para OR","Estrato pequeno, sem grupo comparador, sem evento ou campo incompleto.",,,,,,,,,,,,,,,,,,
PORTO ALEGRE DO NORTE,Meningite pneumocócica,Pneumocócica,VacinaContraPneumococo_bin_v17,Confirmação do caso,2,,"Aplicável, mas insuficiente para OR","Estrato pequeno, sem grupo comparador, sem evento ou campo incompleto.",,,,,,,,,,,,,,,,,,
PORTO ALEGRE DO NORTE,Meningite pneumocócica,Pneumocócica,VacinaContraPneumococo_bin_v17,Hospitalização,2,,"Aplicável, mas insuficiente para OR","Estrato pequeno, sem grupo comparador, sem evento ou campo incompleto.",,,,,,,,,,,,,,,,,,
PORTO ALEGRE DO NORTE,Meningite pneumocócica,Pneumocócica,VacinaContraPneumococo_bin_v17,Óbito por meningite,2,,"Aplicável, mas insuficiente para OR","Estrato pequeno, sem grupo comparador, sem evento ou campo incompleto.",,,,,,,,,,,,,,,,,,
PORTO ALEGRE DO NORTE,Meningite tuberculosa,BCG,VacinaContraBCG_bin_v17,Confirmação do caso,1,,"Aplicável, mas insuficiente para OR","Estrato pequeno, sem grupo comparador, sem evento ou campo incompleto.",,,,,,,,,,,,,,,,,,
PORTO ALEGRE DO NORTE,Meningite tuberculosa,BCG,VacinaContraBCG_bin_v17,Hospitalização,1,,"Aplicável, mas insuficiente para OR","Estrato pequeno, sem grupo comparador, sem evento ou campo incompleto.",,,,,,,,,,,,,,,,,,
PORTO ALEGRE DO NORTE,Meningite tuberculosa,BCG,VacinaContraBCG_bin_v17,Óbito por meningite,1,,"Aplicável, mas insuficiente para OR","Estrato pequeno, sem grupo comparador, sem evento ou campo incompleto.",,,,,,,,,,,,,,,,,,
RONDONOPOLIS,Doença meningocócica,Meningocócica polissacarídica A/C,VacinaContraPolissacaridicaAC_bin_v17,Confirmação do caso,48,5.555555555555555,"Aplicável, mas insuficiente para OR","Estrato pequeno, sem grupo comparador, sem evento ou campo incompleto.",,,,,,,,,,,,,,,,,,
RONDONOPOLIS,Doença meningocócica,Meningocócica polissacarídica A/C,VacinaContraPolissacaridicaAC_bin_v17,Hospitalização,48,5.555555555555555,"Aplicável, mas insuficiente para OR","Estrato pequeno, sem grupo comparador, sem evento ou campo incompleto.",,,,,,,,,,,,,,,,,,
RONDONOPOLIS,Doença meningocócica,Meningocócica polissacarídica A/C,VacinaContraPolissacaridicaAC_bin_v17,Óbito por meningite,48,5.555555555555555,"Aplicável, mas insuficiente para OR","Estrato pequeno, sem grupo comparador, sem evento ou campo incompleto.",,,,,,,,,,,,,,,,,,
RONDONOPOLIS,Doença meningocócica,Meningocócica polissacarídica B/C,VacinaContraPolissacaridicaBC_bin_v17,Confirmação do caso,48,5.88235294117647,"Aplicável, mas insuficiente para OR","Estrato pequeno, sem grupo comparador, sem evento ou campo incompleto.",,,,,,,,,,,,,,,,,,
RONDONOPOLIS,Doença meningocócica,Meningocócica polissacarídica B/C,VacinaContraPolissacaridicaBC_bin_v17,Hospitalização,48,5.88235294117647,"Aplicável, mas insuficiente para OR","Estrato pequeno, sem grupo comparador, sem evento ou campo incompleto.",,,,,,,,,,,,,,,,,,
RONDONOPOLIS,Doença meningocócica,Meningocócica polissacarídica B/C,VacinaContraPolissacaridicaBC_bin_v17,Óbito por meningite,48,5.88235294117647,"Aplicável, mas insuficiente para OR","Estrato pequeno, sem grupo comparador, sem evento ou campo incompleto.",,,,,,,,,,,,,,,,,,
RONDONOPOLIS,Doença meningocócica,Meningocócica C conjugada,VacinaConjugadaMeningoC_bin_v17,Confirmação do caso,48,16.666666666666664,"Aplicável, mas insuficiente para OR","Estrato pequeno, sem grupo comparador, sem evento ou campo incompleto.",,,,,,,,,,,,,,,,,,
RONDONOPOLIS,Doença meningocócica,Meningocócica C conjugada,VacinaConjugadaMeningoC_bin_v17,Hospitalização,48,16.666666666666664,"Aplicável, mas insuficiente para OR","Estrato pequeno, sem grupo comparador, sem evento ou campo incompleto.",,,,,,,,,,,,,,,,,,
RONDONOPOLIS,Doença meningocócica,Meningocócica C conjugada,VacinaConjugadaMeningoC_bin_v17,Óbito por meningite,48,16.666666666666664,"Aplicável, mas insuficiente para OR","Estrato pequeno, sem grupo comparador, sem evento ou campo incompleto.",,,,,,,,,,,,,,,,,,
RONDONOPOLIS,Meningite pneumocócica,Pneumocócica,VacinaContraPneumococo_bin_v17,Confirmação do caso,90,42.857142857142854,"Aplicável, mas insuficiente para OR","Estrato pequeno, sem grupo comparador, sem evento ou campo incompleto.",,,,,,,,,,,,,,,,,,
RONDONOPOLIS,Meningite pneumocócica,Pneumocócica,VacinaContraPneumococo_bin_v17,Hospitalização,90,42.857142857142854,"Aplicável, mas insuficiente para OR","Estrato pequeno, sem grupo comparador, sem evento ou campo incompleto.",,,,,,,,,,,,,,,,,,
RONDONOPOLIS,Meningite pneumocócica,Pneumocócica,VacinaContraPneumococo_bin_v17,Óbito por meningite,90,42.857142857142854,Aplicável etiologicamente,Par vacina-etiologia coerente.,21.0,9.0,12.0,0.0,9.0,2.0,10.0,0.22105263157894736,0.009371668565939762,5.2140411906551325,0.48571428571428577,77.89473684210526,-421.40411906551327,99.06283314340602,p=0.4857: não há evidência estatística suficiente ao nível de 5%.,"OR<1 sugere proteção observacional, mas IC95%/p-valor exigem cautela.",Associação protetora de magnitude potencialmente relevante.,Sugere proteção; cautela
RONDONOPOLIS,Meningite por Hib/Hemófilo,Hib/Hemófilos,VacinaContraHemofilos_bin_v17,Confirmação do caso,1,100.0,"Aplicável, mas insuficiente para OR","Estrato pequeno, sem grupo comparador, sem evento ou campo incompleto.",,,,,,,,,,,,,,,,,,
RONDONOPOLIS,Meningite por Hib/Hemófilo,Hib/Hemófilos,VacinaContraHemofilos_bin_v17,Hospitalização,1,100.0,"Aplicável, mas insuficiente para OR","Estrato pequeno, sem grupo comparador, sem evento ou campo incompleto.",,,,,,,,,,,,,,,,,,
RONDONOPOLIS,Meningite por Hib/Hemófilo,Hib/Hemófilos,VacinaContraHemofilos_bin_v17,Óbito por meningite,1,100.0,"Aplicável, mas insuficiente para OR","Estrato pequeno, sem grupo comparador, sem evento ou campo incompleto.",,,,,,,,,,,,,,,,,,
RONDONOPOLIS,Meningite tuberculosa,BCG,VacinaContraBCG_bin_v17,Confirmação do caso,4,0.0,"Aplicável, mas insuficiente para OR","Estrato pequeno, sem grupo comparador, sem evento ou campo incompleto.",,,,,,,,,,,,,,,,,,
RONDONOPOLIS,Meningite tuberculosa,BCG,VacinaContraBCG_bin_v17,Hospitalização,4,0.0,"Aplicável, mas insuficiente para OR","Estrato pequeno, sem grupo comparador, sem evento ou campo incompleto.",,,,,,,,,,,,,,,,,,
RONDONOPOLIS,Meningite tuberculosa,BCG,VacinaContraBCG_bin_v17,Óbito por meningite,4,0.0,"Aplicável, mas insuficiente para OR","Estrato pequeno, sem grupo comparador, sem evento ou campo incompleto.",,,,,,,,,,,,,,,,,,
SINOP,Doença meningocócica,Meningocócica polissacarídica A/C,VacinaContraPolissacaridicaAC_bin_v17,Confirmação do caso,66,0.0,"Aplicável, mas insuficiente para OR","Estrato pequeno, sem grupo comparador, sem evento ou campo incompleto.",,,,,,,,,,,,,,,,,,
SINOP,Doença meningocócica,Meningocócica polissacarídica A/C,VacinaContraPolissacaridicaAC_bin_v17,Hospitalização,66,0.0,"Aplicável, mas insuficiente para OR","Estrato pequeno, sem grupo comparador, sem evento ou campo incompleto.",,,,,,,,,,,,,,,,,,
SINOP,Doença meningocócica,Meningocócica polissacarídica A/C,VacinaContraPolissacaridicaAC_bin_v17,Óbito por meningite,66,0.0,"Aplicável, mas insuficiente para OR","Estrato pequeno, sem grupo comparador, sem evento ou campo incompleto.",,,,,,,,,,,,,,,,,,
SINOP,Doença meningocócica,Meningocócica polissacarídica B/C,VacinaContraPolissacaridicaBC_bin_v17,Confirmação do caso,66,0.0,"Aplicável, mas insuficiente para OR","Estrato pequeno, sem grupo comparador, sem evento ou campo incompleto.",,,,,,,,,,,,,,,,,,
SINOP,Doença meningocócica,Meningocócica polissacarídica B/C,VacinaContraPolissacaridicaBC_bin_v17,Hospitalização,66,0.0,"Aplicável, mas insuficiente para OR","Estrato pequeno, sem grupo comparador, sem evento ou campo incompleto.",,,,,,,,,,,,,,,,,,
SINOP,Doença meningocócica,Meningocócica polissacarídica B/C,VacinaContraPolissacaridicaBC_bin_v17,Óbito por meningite,66,0.0,"Aplicável, mas insuficiente para OR","Estrato pequeno, sem grupo comparador, sem evento ou campo incompleto.",,,,,,,,,,,,,,,,,,
SINOP,Doença meningocócica,Meningocócica C conjugada,VacinaConjugadaMeningoC_bin_v17,Confirmação do caso,66,29.629629629629626,"Aplicável, mas insuficiente para OR","Estrato pequeno, sem grupo comparador, sem evento ou campo incompleto.",,,,,,,,,,,,,,,,,,
SINOP,Doença meningocócica,Meningocócica C conjugada,VacinaConjugadaMeningoC_bin_v17,Hospitalização,66,29.629629629629626,"Aplicável, mas insuficiente para OR","Estrato pequeno, sem grupo comparador, sem evento ou campo incompleto.",,,,,,,,,,,,,,,,,,
SINOP,Doença meningocócica,Meningocócica C conjugada,VacinaConjugadaMeningoC_bin_v17,Óbito por meningite,66,29.629629629629626,Aplicável etiologicamente,Par vacina-etiologia coerente.,27.0,8.0,19.0,2.0,6.0,8.0,11.0,0.4583333333333333,0.07269443675297428,2.889759572087881,0.6655248133509003,54.16666666666667,-188.9759572087881,92.73055632470258,p=0.6655: não há evidência estatística suficiente ao nível de 5%.,"OR<1 sugere proteção observacional, mas IC95%/p-valor exigem cautela.",Associação protetora de magnitude potencialmente relevante.,Sugere proteção; cautela
SINOP,Meningite pneumocócica,Pneumocócica,VacinaContraPneumococo_bin_v17,Confirmação do caso,25,0.0,"Aplicável, mas insuficiente para OR","Estrato pequeno, sem grupo comparador, sem evento ou campo incompleto.",,,,,,,,,,,,,,,,,,
SINOP,Meningite pneumocócica,Pneumocócica,VacinaContraPneumococo_bin_v17,Hospitalização,25,0.0,"Aplicável, mas insuficiente para OR","Estrato pequeno, sem grupo comparador, sem evento ou campo incompleto.",,,,,,,,,,,,,,,,,,
SINOP,Meningite pneumocócica,Pneumocócica,VacinaContraPneumococo_bin_v17,Óbito por meningite,25,0.0,"Aplicável, mas insuficiente para OR","Estrato pequeno, sem grupo comparador, sem evento ou campo incompleto.",,,,,,,,,,,,,,,,,,
SINOP,Meningite por Hib/Hemófilo,Hib/Hemófilos,VacinaContraHemofilos_bin_v17,Confirmação do caso,2,100.0,"Aplicável, mas insuficiente para OR","Estrato pequeno, sem grupo comparador, sem evento ou campo incompleto.",,,,,,,,,,,,,,,,,,
SINOP,Meningite por Hib/Hemófilo,Hib/Hemófilos,VacinaContraHemofilos_bin_v17,Hospitalização,2,100.0,"Aplicável, mas insuficiente para OR","Estrato pequeno, sem grupo comparador, sem evento ou campo incompleto.",,,,,,,,,,,,,,,,,,
SINOP,Meningite por Hib/Hemófilo,Hib/Hemófilos,VacinaContraHemofilos_bin_v17,Óbito por meningite,2,100.0,"Aplicável, mas insuficiente para OR","Estrato pequeno, sem grupo comparador, sem evento ou campo incompleto.",,,,,,,,,,,,,,,,,,
SINOP,Meningite tuberculosa,BCG,VacinaContraBCG_bin_v17,Confirmação do caso,3,,"Aplicável, mas insuficiente para OR","Estrato pequeno, sem grupo comparador, sem evento ou campo incompleto.",,,,,,,,,,,,,,,,,,
SINOP,Meningite tuberculosa,BCG,VacinaContraBCG_bin_v17,Hospitalização,3,,"Aplicável, mas insuficiente para OR","Estrato pequeno, sem grupo comparador, sem evento ou campo incompleto.",,,,,,,,,,,,,,,,,,
SINOP,Meningite tuberculosa,BCG,VacinaContraBCG_bin_v17,Óbito por meningite,3,,"Aplicável, mas insuficiente para OR","Estrato pequeno, sem grupo comparador, sem evento ou campo incompleto.",,,,,,,,,,,,,,,,,,
TANGARA DA SERRA,Doença meningocócica,Meningocócica polissacarídica A/C,VacinaContraPolissacaridicaAC_bin_v17,Confirmação do caso,7,0.0,"Aplicável, mas insuficiente para OR","Estrato pequeno, sem grupo comparador, sem evento ou campo incompleto.",,,,,,,,,,,,,,,,,,
TANGARA DA SERRA,Doença meningocócica,Meningocócica polissacarídica A/C,VacinaContraPolissacaridicaAC_bin_v17,Hospitalização,7,0.0,"Aplicável, mas insuficiente para OR","Estrato pequeno, sem grupo comparador, sem evento ou campo incompleto.",,,,,,,,,,,,,,,,,,
TANGARA DA SERRA,Doença meningocócica,Meningocócica polissacarídica A/C,VacinaContraPolissacaridicaAC_bin_v17,Óbito por meningite,7,0.0,"Aplicável, mas insuficiente para OR","Estrato pequeno, sem grupo comparador, sem evento ou campo incompleto.",,,,,,,,,,,,,,,,,,
TANGARA DA SERRA,Doença meningocócica,Meningocócica polissacarídica B/C,VacinaContraPolissacaridicaBC_bin_v17,Confirmação do caso,7,0.0,"Aplicável, mas insuficiente para OR","Estrato pequeno, sem grupo comparador, sem evento ou campo incompleto.",,,,,,,,,,,,,,,,,,
TANGARA DA SERRA,Doença meningocócica,Meningocócica polissacarídica B/C,VacinaContraPolissacaridicaBC_bin_v17,Hospitalização,7,0.0,"Aplicável, mas insuficiente para OR","Estrato pequeno, sem grupo comparador, sem evento ou campo incompleto.",,,,,,,,,,,,,,,,,,
TANGARA DA SERRA,Doença meningocócica,Meningocócica polissacarídica B/C,VacinaContraPolissacaridicaBC_bin_v17,Óbito por meningite,7,0.0,"Aplicável, mas insuficiente para OR","Estrato pequeno, sem grupo comparador, sem evento ou campo incompleto.",,,,,,,,,,,,,,,,,,
TANGARA DA SERRA,Doença meningocócica,Meningocócica C conjugada,VacinaConjugadaMeningoC_bin_v17,Confirmação do caso,7,33.33333333333333,"Aplicável, mas insuficiente para OR","Estrato pequeno, sem grupo comparador, sem evento ou campo incompleto.",,,,,,,,,,,,,,,,,,
TANGARA DA SERRA,Doença meningocócica,Meningocócica C conjugada,VacinaConjugadaMeningoC_bin_v17,Hospitalização,7,33.33333333333333,"Aplicável, mas insuficiente para OR","Estrato pequeno, sem grupo comparador, sem evento ou campo incompleto.",,,,,,,,,,,,,,,,,,
TANGARA DA SERRA,Doença meningocócica,Meningocócica C conjugada,VacinaConjugadaMeningoC_bin_v17,Óbito por meningite,7,33.33333333333333,"Aplicável, mas insuficiente para OR","Estrato pequeno, sem grupo comparador, sem evento ou campo incompleto.",,,,,,,,,,,,,,,,,,
TANGARA DA SERRA,Meningite pneumocócica,Pneumocócica,VacinaContraPneumococo_bin_v17,Confirmação do caso,11,66.66666666666666,"Aplicável, mas insuficiente para OR","Estrato pequeno, sem grupo comparador, sem evento ou campo incompleto.",,,,,,,,,,,,,,,,,,
TANGARA DA SERRA,Meningite pneumocócica,Pneumocócica,VacinaContraPneumococo_bin_v17,Hospitalização,11,66.66666666666666,"Aplicável, mas insuficiente para OR","Estrato pequeno, sem grupo comparador, sem evento ou campo incompleto.",,,,,,,,,,,,,,,,,,
TANGARA DA SERRA,Meningite pneumocócica,Pneumocócica,VacinaContraPneumococo_bin_v17,Óbito por meningite,11,66.66666666666666,"Aplicável, mas insuficiente para OR","Estrato pequeno, sem grupo comparador, sem evento ou campo incompleto.",,,,,,,,,,,,,,,,,,
TANGARA DA SERRA,Meningite por Hib/Hemófilo,Hib/Hemófilos,VacinaContraHemofilos_bin_v17,Confirmação do caso,1,100.0,"Aplicável, mas insuficiente para OR","Estrato pequeno, sem grupo comparador, sem evento ou campo incompleto.",,,,,,,,,,,,,,,,,,
TANGARA DA SERRA,Meningite por Hib/Hemófilo,Hib/Hemófilos,VacinaContraHemofilos_bin_v17,Hospitalização,1,100.0,"Aplicável, mas insuficiente para OR","Estrato pequeno, sem grupo comparador, sem evento ou campo incompleto.",,,,,,,,,,,,,,,,,,
TANGARA DA SERRA,Meningite por Hib/Hemófilo,Hib/Hemófilos,VacinaContraHemofilos_bin_v17,Óbito por meningite,1,100.0,"Aplicável, mas insuficiente para OR","Estrato pequeno, sem grupo comparador, sem evento ou campo incompleto.",,,,,,,,,,,,,,,,,,
TANGARA DA SERRA,Meningite tuberculosa,BCG,VacinaContraBCG_bin_v17,Confirmação do caso,1,,"Aplicável, mas insuficiente para OR","Estrato pequeno, sem grupo comparador, sem evento ou campo incompleto.",,,,,,,,,,,,,,,,,,
TANGARA DA SERRA,Meningite tuberculosa,BCG,VacinaContraBCG_bin_v17,Hospitalização,1,,"Aplicável, mas insuficiente para OR","Estrato pequeno, sem grupo comparador, sem evento ou campo incompleto.",,,,,,,,,,,,,,,,,,
TANGARA DA SERRA,Meningite tuberculosa,BCG,VacinaContraBCG_bin_v17,Óbito por meningite,1,,"Aplicável, mas insuficiente para OR","Estrato pequeno, sem grupo comparador, sem evento ou campo incompleto.",,,,,,,,,,,,,,,,,,
