codigo_municipio,ano,municipio_v17,regional_v17,casos_menor1ano,nascidos_vivos,incidencia_por_1000_nv,tem_denominador_sinasc
510010,2019,ACORIZAL,CUIABA,1,,,False
510020,2008,AGUA BOA,AGUA BOA,1,,,False
510020,2010,AGUA BOA,AGUA BOA,1,,,False
510020,2011,AGUA BOA,AGUA BOA,1,,,False
510020,2012,AGUA BOA,AGUA BOA,1,,,False
510020,2013,AGUA BOA,AGUA BOA,1,,,False
510020,2016,AGUA BOA,AGUA BOA,2,,,False
510020,2023,AGUA BOA,AGUA BOA,2,509.0,3.929273084479371,True
510020,2024,AGUA BOA,AGUA BOA,3,475.0,6.315789473684211,True
510025,2007,ALTA FLORESTA,ALTA FLORESTA,4,,,False
510025,2008,ALTA FLORESTA,ALTA FLORESTA,1,,,False
510025,2009,ALTA FLORESTA,ALTA FLORESTA,2,,,False
510025,2010,ALTA FLORESTA,ALTA FLORESTA,1,,,False
510025,2012,ALTA FLORESTA,ALTA FLORESTA,1,,,False
510025,2014,ALTA FLORESTA,ALTA FLORESTA,3,,,False
510025,2020,ALTA FLORESTA,ALTA FLORESTA,1,,,False
510025,2025,ALTA FLORESTA,ALTA FLORESTA,2,1002.0,1.996007984031936,True
510025,2026,ALTA FLORESTA,ALTA FLORESTA,1,474.0,2.109704641350211,True
510030,2007,ALTO ARAGUAIA,RONDONOPOLIS,1,,,False
510030,2012,ALTO ARAGUAIA,RONDONOPOLIS,1,,,False
510030,2013,ALTO ARAGUAIA,RONDONOPOLIS,1,,,False
510035,2023,ALTO BOA VISTA,SAO FELIX DO ARAGUAIA,1,113.0,8.849557522123893,True
510080,2012,APIACAS,ALTA FLORESTA,1,,,False
510100,2012,ARAGUAIANA,BARRA DO GARCAS,2,,,False
510100,2016,ARAGUAIANA,BARRA DO GARCAS,1,,,False
510125,2020,ARAPUTANGA,CACERES,1,,,False
510130,2019,ARENAPOLIS,TANGARA DA SERRA,1,,,False
510130,2022,ARENAPOLIS,TANGARA DA SERRA,1,,,False
510130,2026,ARENAPOLIS,TANGARA DA SERRA,1,84.0,11.904761904761903,True
510140,2009,ARIPUANA,JUINA,1,,,False
510140,2013,ARIPUANA,JUINA,1,,,False
510140,2026,ARIPUANA,JUINA,1,212.0,4.716981132075471,True
510160,2021,BARAO DE MELGACO,CUIABA,1,,,False
510170,2008,BARRA DO BUGRES,TANGARA DA SERRA,1,,,False
510170,2009,BARRA DO BUGRES,TANGARA DA SERRA,1,,,False
510170,2012,BARRA DO BUGRES,TANGARA DA SERRA,1,,,False
510170,2013,BARRA DO BUGRES,TANGARA DA SERRA,1,,,False
510170,2017,BARRA DO BUGRES,TANGARA DA SERRA,1,,,False
510170,2018,BARRA DO BUGRES,TANGARA DA SERRA,2,,,False
510170,2021,BARRA DO BUGRES,TANGARA DA SERRA,2,,,False
510170,2022,BARRA DO BUGRES,TANGARA DA SERRA,1,,,False
510170,2023,BARRA DO BUGRES,TANGARA DA SERRA,1,448.0,2.232142857142857,True
510170,2026,BARRA DO BUGRES,TANGARA DA SERRA,1,213.0,4.694835680751174,True
510180,2007,BARRA DO GARCAS,BARRA DO GARCAS,3,,,False
510180,2008,BARRA DO GARCAS,BARRA DO GARCAS,3,,,False
510180,2009,BARRA DO GARCAS,BARRA DO GARCAS,2,,,False
510180,2010,BARRA DO GARCAS,BARRA DO GARCAS,2,,,False
510180,2011,BARRA DO GARCAS,BARRA DO GARCAS,2,,,False
510180,2012,BARRA DO GARCAS,BARRA DO GARCAS,7,,,False
510180,2013,BARRA DO GARCAS,BARRA DO GARCAS,2,,,False
510180,2014,BARRA DO GARCAS,BARRA DO GARCAS,1,,,False
510180,2015,BARRA DO GARCAS,BARRA DO GARCAS,1,,,False
510180,2016,BARRA DO GARCAS,BARRA DO GARCAS,7,,,False
510180,2017,BARRA DO GARCAS,BARRA DO GARCAS,4,,,False
510180,2018,BARRA DO GARCAS,BARRA DO GARCAS,5,,,False
510180,2019,BARRA DO GARCAS,BARRA DO GARCAS,3,,,False
510180,2020,BARRA DO GARCAS,BARRA DO GARCAS,2,,,False
510180,2021,BARRA DO GARCAS,BARRA DO GARCAS,2,,,False
510180,2022,BARRA DO GARCAS,BARRA DO GARCAS,2,,,False
510180,2023,BARRA DO GARCAS,BARRA DO GARCAS,1,1096.0,0.9124087591240876,True
510180,2024,BARRA DO GARCAS,BARRA DO GARCAS,1,1049.0,0.9532888465204957,True
510180,2025,BARRA DO GARCAS,BARRA DO GARCAS,3,1461.0,2.053388090349076,True
510180,2026,BARRA DO GARCAS,BARRA DO GARCAS,2,519.0,3.8535645472061657,True
510185,2011,BOM JESUS DO ARAGUAIA,AGUA BOA,1,,,False
510185,2016,BOM JESUS DO ARAGUAIA,AGUA BOA,1,,,False
510185,2019,BOM JESUS DO ARAGUAIA,AGUA BOA,1,,,False
510185,2023,BOM JESUS DO ARAGUAIA,AGUA BOA,1,87.0,11.494252873563218,True
510190,2009,BRASNORTE,JUINA,2,,,False
510250,2007,CACERES,CACERES,3,,,False
510250,2008,CACERES,CACERES,5,,,False
510250,2009,CACERES,CACERES,3,,,False
510250,2010,CACERES,CACERES,2,,,False
510250,2011,CACERES,CACERES,2,,,False
510250,2012,CACERES,CACERES,4,,,False
510250,2013,CACERES,CACERES,9,,,False
510250,2014,CACERES,CACERES,1,,,False
510250,2015,CACERES,CACERES,6,,,False
510250,2016,CACERES,CACERES,5,,,False
510250,2017,CACERES,CACERES,4,,,False
510250,2019,CACERES,CACERES,1,,,False
510250,2022,CACERES,CACERES,2,,,False
510250,2023,CACERES,CACERES,2,1370.0,1.4598540145985401,True
510250,2025,CACERES,CACERES,2,2503.0,0.7990411506192568,True
510250,2026,CACERES,CACERES,1,635.0,1.574803149606299,True
510260,2011,CAMPINAPOLIS,BARRA DO GARCAS,1,,,False
510260,2013,CAMPINAPOLIS,BARRA DO GARCAS,1,,,False
510260,2014,CAMPINAPOLIS,BARRA DO GARCAS,2,,,False
510260,2019,CAMPINAPOLIS,BARRA DO GARCAS,1,,,False
510260,2022,CAMPINAPOLIS,BARRA DO GARCAS,1,,,False
510260,2023,CAMPINAPOLIS,BARRA DO GARCAS,1,478.0,2.092050209205021,True
510260,2026,CAMPINAPOLIS,BARRA DO GARCAS,1,209.0,4.784688995215311,True
510263,2008,CAMPO NOVO DO PARECIS,TANGARA DA SERRA,1,,,False
510263,2010,CAMPO NOVO DO PARECIS,TANGARA DA SERRA,1,,,False
510263,2011,CAMPO NOVO DO PARECIS,TANGARA DA SERRA,1,,,False
510263,2012,CAMPO NOVO DO PARECIS,TANGARA DA SERRA,1,,,False
510263,2013,CAMPO NOVO DO PARECIS,TANGARA DA SERRA,1,,,False
510263,2014,CAMPO NOVO DO PARECIS,TANGARA DA SERRA,1,,,False
510263,2016,CAMPO NOVO DO PARECIS,TANGARA DA SERRA,2,,,False
510263,2024,CAMPO NOVO DO PARECIS,TANGARA DA SERRA,1,824.0,1.2135922330097086,True
510263,2025,CAMPO NOVO DO PARECIS,TANGARA DA SERRA,4,1115.0,3.587443946188341,True
510267,2009,CAMPO VERDE,RONDONOPOLIS,2,,,False
510267,2010,CAMPO VERDE,RONDONOPOLIS,3,,,False
510267,2013,CAMPO VERDE,RONDONOPOLIS,1,,,False
510267,2014,CAMPO VERDE,RONDONOPOLIS,1,,,False
510267,2015,CAMPO VERDE,RONDONOPOLIS,3,,,False
510267,2017,CAMPO VERDE,RONDONOPOLIS,2,,,False
510267,2018,CAMPO VERDE,RONDONOPOLIS,1,,,False
510267,2019,CAMPO VERDE,RONDONOPOLIS,1,,,False
510267,2021,CAMPO VERDE,RONDONOPOLIS,1,,,False
510268,2016,CAMPOS DE JULIO,PONTES E LACERDA,1,,,False
510268,2023,CAMPOS DE JULIO,PONTES E LACERDA,1,148.0,6.756756756756757,True
510270,2008,CANARANA,AGUA BOA,2,,,False
510270,2009,CANARANA,AGUA BOA,1,,,False
510270,2010,CANARANA,AGUA BOA,1,,,False
510270,2011,CANARANA,AGUA BOA,2,,,False
510270,2017,CANARANA,AGUA BOA,1,,,False
510270,2024,CANARANA,AGUA BOA,2,486.0,4.11522633744856,True
510270,2026,CANARANA,AGUA BOA,4,248.0,16.129032258064516,True
510279,2012,CARLINDA,ALTA FLORESTA,1,,,False
510279,2017,CARLINDA,ALTA FLORESTA,1,,,False
510285,2009,CASTANHEIRA,JUINA,1,,,False
510285,2020,CASTANHEIRA,JUINA,1,,,False
510300,2010,CHAPADA DOS GUIMARAES,CUIABA,1,,,False
510300,2013,CHAPADA DOS GUIMARAES,CUIABA,2,,,False
510300,2014,CHAPADA DOS GUIMARAES,CUIABA,2,,,False
510300,2015,CHAPADA DOS GUIMARAES,CUIABA,2,,,False
510300,2019,CHAPADA DOS GUIMARAES,CUIABA,1,,,False
510305,2017,CLAUDIA,SINOP,2,,,False
510305,2019,CLAUDIA,SINOP,1,,,False
510310,2015,COCALINHO,AGUA BOA,1,,,False
510320,2008,COLIDER,COLIDER,2,,,False
510320,2014,COLIDER,COLIDER,1,,,False
510320,2017,COLIDER,COLIDER,1,,,False
510325,2008,COLNIZA,JUINA,3,,,False
510325,2010,COLNIZA,JUINA,1,,,False
510325,2016,COLNIZA,JUINA,1,,,False
510325,2022,COLNIZA,JUINA,2,,,False
510330,2008,COMODORO,PONTES E LACERDA,2,,,False
510335,2010,CONFRESA,PORTO ALEGRE DO NORTE,2,,,False
510335,2011,CONFRESA,PORTO ALEGRE DO NORTE,1,,,False
510335,2012,CONFRESA,PORTO ALEGRE DO NORTE,1,,,False
510335,2016,CONFRESA,PORTO ALEGRE DO NORTE,2,,,False
510335,2017,CONFRESA,PORTO ALEGRE DO NORTE,1,,,False
510335,2025,CONFRESA,PORTO ALEGRE DO NORTE,2,800.0,2.5,True
510336,2010,CONQUISTA D OESTE,PONTES E LACERDA,1,,,False
510336,2011,CONQUISTA D OESTE,PONTES E LACERDA,1,,,False
510337,2023,COTRIGUACU,JUINA,1,180.0,5.555555555555555,True
510340,1980,CUIABA,CUIABA,1,,,False
510340,2002,CUIABA,CUIABA,1,,,False
510340,2006,CUIABA,CUIABA,1,,,False
510340,2007,CUIABA,CUIABA,39,,,False
510340,2008,CUIABA,CUIABA,29,,,False
510340,2009,CUIABA,CUIABA,19,,,False
510340,2010,CUIABA,CUIABA,20,,,False
510340,2011,CUIABA,CUIABA,16,,,False
510340,2012,CUIABA,CUIABA,19,,,False
510340,2013,CUIABA,CUIABA,13,,,False
510340,2014,CUIABA,CUIABA,16,,,False
510340,2015,CUIABA,CUIABA,21,,,False
510340,2016,CUIABA,CUIABA,22,,,False
510340,2017,CUIABA,CUIABA,14,,,False
510340,2018,CUIABA,CUIABA,20,,,False
510340,2019,CUIABA,CUIABA,6,,,False
510340,2020,CUIABA,CUIABA,5,,,False
510340,2021,CUIABA,CUIABA,5,,,False
510340,2022,CUIABA,CUIABA,12,,,False
510340,2023,CUIABA,CUIABA,14,9395.0,1.4901543374135178,True
510340,2024,CUIABA,CUIABA,14,9063.0,1.5447423590422598,True
510340,2025,CUIABA,CUIABA,23,18311.0,1.2560755829829064,True
510340,2026,CUIABA,CUIABA,13,4523.0,2.87419854079151,True
510343,2023,CURVELANDIA,CACERES,1,59.0,16.949152542372882,True
510345,2007,DENISE,TANGARA DA SERRA,3,,,False
510345,2009,DENISE,TANGARA DA SERRA,1,,,False
510345,2022,DENISE,TANGARA DA SERRA,1,,,False
510350,2007,DIAMANTINO,DIAMANTINO,1,,,False
510350,2008,DIAMANTINO,DIAMANTINO,4,,,False
510350,2013,DIAMANTINO,DIAMANTINO,1,,,False
510350,2018,DIAMANTINO,DIAMANTINO,1,,,False
510350,2020,DIAMANTINO,DIAMANTINO,1,,,False
510350,2025,DIAMANTINO,DIAMANTINO,1,689.0,1.4513788098693758,True
510360,2013,DOM AQUINO,RONDONOPOLIS,1,,,False
510370,2019,FELIZ NATAL,SINOP,1,,,False
510370,2024,FELIZ NATAL,SINOP,1,166.0,6.024096385542169,True
510370,2025,FELIZ NATAL,SINOP,1,381.0,2.6246719160104988,True
510385,2020,GAUCHA DO NORTE,AGUA BOA,1,,,False
510390,2008,GENERAL CARNEIRO,BARRA DO GARCAS,1,,,False
510390,2013,GENERAL CARNEIRO,BARRA DO GARCAS,1,,,False
510410,2007,GUARANTA DO NORTE,PEIXOTO DE AZEVEDO,2,,,False
510410,2008,GUARANTA DO NORTE,PEIXOTO DE AZEVEDO,2,,,False
510410,2009,GUARANTA DO NORTE,PEIXOTO DE AZEVEDO,1,,,False
510410,2011,GUARANTA DO NORTE,PEIXOTO DE AZEVEDO,3,,,False
510410,2013,GUARANTA DO NORTE,PEIXOTO DE AZEVEDO,3,,,False
510410,2017,GUARANTA DO NORTE,PEIXOTO DE AZEVEDO,1,,,False
510410,2018,GUARANTA DO NORTE,PEIXOTO DE AZEVEDO,1,,,False
510410,2019,GUARANTA DO NORTE,PEIXOTO DE AZEVEDO,2,,,False
510410,2020,GUARANTA DO NORTE,PEIXOTO DE AZEVEDO,1,,,False
510410,2026,GUARANTA DO NORTE,PEIXOTO DE AZEVEDO,1,292.0,3.4246575342465753,True
510420,2007,GUIRATINGA,RONDONOPOLIS,2,,,False
510420,2008,GUIRATINGA,RONDONOPOLIS,1,,,False
510420,2009,GUIRATINGA,RONDONOPOLIS,1,,,False
510450,2014,INDIAVAI,CACERES,1,,,False
510452,2016,IPIRANGA DO NORTE,SINOP,2,,,False
510452,2017,IPIRANGA DO NORTE,SINOP,1,,,False
510452,2019,IPIRANGA DO NORTE,SINOP,1,,,False
510460,2009,ITIQUIRA,RONDONOPOLIS,1,,,False
510460,2010,ITIQUIRA,RONDONOPOLIS,1,,,False
510460,2013,ITIQUIRA,RONDONOPOLIS,1,,,False
510480,2007,JACIARA,RONDONOPOLIS,3,,,False
510480,2008,JACIARA,RONDONOPOLIS,3,,,False
510480,2010,JACIARA,RONDONOPOLIS,1,,,False
510480,2013,JACIARA,RONDONOPOLIS,3,,,False
510480,2015,JACIARA,RONDONOPOLIS,2,,,False
510480,2018,JACIARA,RONDONOPOLIS,2,,,False
510480,2021,JACIARA,RONDONOPOLIS,1,,,False
510490,2007,JANGADA,CUIABA,2,,,False
510490,2008,JANGADA,CUIABA,2,,,False
510490,2023,JANGADA,CUIABA,1,98.0,10.204081632653061,True
510500,2015,JAURU,PONTES E LACERDA,1,,,False
510510,2007,JUARA,JUARA,2,,,False
510510,2008,JUARA,JUARA,2,,,False
510510,2009,JUARA,JUARA,1,,,False
510510,2010,JUARA,JUARA,2,,,False
510510,2011,JUARA,JUARA,3,,,False
510510,2017,JUARA,JUARA,1,,,False
510510,2018,JUARA,JUARA,2,,,False
510510,2022,JUARA,JUARA,1,,,False
510510,2023,JUARA,JUARA,2,664.0,3.0120481927710845,True
510510,2024,JUARA,JUARA,1,597.0,1.6750418760469012,True
510510,2025,JUARA,JUARA,2,652.0,3.067484662576687,True
510510,2026,JUARA,JUARA,2,299.0,6.688963210702341,True
510515,2009,JUINA,JUINA,2,,,False
510515,2010,JUINA,JUINA,1,,,False
510515,2011,JUINA,JUINA,1,,,False
510515,2015,JUINA,JUINA,1,,,False
510515,2018,JUINA,JUINA,1,,,False
510515,2019,JUINA,JUINA,1,,,False
510515,2020,JUINA,JUINA,1,,,False
510515,2024,JUINA,JUINA,1,698.0,1.4326647564469914,True
510517,2009,JURUENA,JUINA,1,,,False
510517,2018,JURUENA,JUINA,1,,,False
510517,2019,JURUENA,JUINA,1,,,False
510520,1966,JUSCIMEIRA,RONDONOPOLIS,1,,,False
510520,2009,JUSCIMEIRA,RONDONOPOLIS,1,,,False
510520,2010,JUSCIMEIRA,RONDONOPOLIS,2,,,False
510520,2012,JUSCIMEIRA,RONDONOPOLIS,1,,,False
510520,2017,JUSCIMEIRA,RONDONOPOLIS,1,,,False
510523,2014,LAMBARI D OESTE,CACERES,1,,,False
510523,2015,LAMBARI D OESTE,CACERES,1,,,False
510523,2024,LAMBARI D OESTE,CACERES,1,58.0,17.241379310344826,True
510525,2008,LUCAS DO RIO VERDE,SINOP,1,,,False
510525,2009,LUCAS DO RIO VERDE,SINOP,1,,,False
510525,2011,LUCAS DO RIO VERDE,SINOP,1,,,False
510525,2012,LUCAS DO RIO VERDE,SINOP,1,,,False
510525,2013,LUCAS DO RIO VERDE,SINOP,1,,,False
510525,2014,LUCAS DO RIO VERDE,SINOP,1,,,False
510525,2016,LUCAS DO RIO VERDE,SINOP,1,,,False
510525,2019,LUCAS DO RIO VERDE,SINOP,1,,,False
510525,2021,LUCAS DO RIO VERDE,SINOP,2,,,False
510525,2025,LUCAS DO RIO VERDE,SINOP,1,1575.0,0.6349206349206349,True
510530,2007,LUCIARA,SAO FELIX DO ARAGUAIA,1,,,False
510550,2008,VILA BELA DA S TRINDADE,PONTES E LACERDA,1,,,False
510550,2009,VILA BELA DA S TRINDADE,PONTES E LACERDA,1,,,False
510550,2015,VILA BELA DA S TRINDADE,PONTES E LACERDA,1,,,False
510550,2016,VILA BELA DA S TRINDADE,PONTES E LACERDA,2,,,False
510558,2007,MARCELANDIA,COLIDER,1,,,False
510558,2008,MARCELANDIA,COLIDER,2,,,False
510558,2010,MARCELANDIA,COLIDER,1,,,False
510558,2013,MARCELANDIA,COLIDER,3,,,False
510558,2014,MARCELANDIA,COLIDER,1,,,False
510558,2016,MARCELANDIA,COLIDER,1,,,False
510558,2021,MARCELANDIA,COLIDER,1,,,False
510560,2011,MATUPA,PEIXOTO DE AZEVEDO,1,,,False
510560,2025,MATUPA,PEIXOTO DE AZEVEDO,1,394.0,2.5380710659898473,True
510562,2007,MIRASSOL D OESTE,CACERES,2,,,False
510562,2008,MIRASSOL D OESTE,CACERES,2,,,False
510562,2010,MIRASSOL D OESTE,CACERES,1,,,False
510562,2016,MIRASSOL D OESTE,CACERES,1,,,False
510562,2019,MIRASSOL D OESTE,CACERES,1,,,False
510562,2020,MIRASSOL D OESTE,CACERES,1,,,False
510562,2023,MIRASSOL D OESTE,CACERES,1,415.0,2.4096385542168677,True
510562,2024,MIRASSOL D OESTE,CACERES,1,375.0,2.6666666666666665,True
510562,2025,MIRASSOL D OESTE,CACERES,1,485.0,2.061855670103093,True
510590,2008,NOBRES,DIAMANTINO,3,,,False
510610,2007,NOSSA SENHORA DO LIVRAMENTO,CUIABA,1,,,False
510615,2009,NOVA BANDEIRANTES,ALTA FLORESTA,1,,,False
510615,2010,NOVA BANDEIRANTES,ALTA FLORESTA,1,,,False
510615,2020,NOVA BANDEIRANTES,ALTA FLORESTA,1,,,False
510615,2023,NOVA BANDEIRANTES,ALTA FLORESTA,1,211.0,4.739336492890995,True
510617,2023,NOVA NAZARE,AGUA BOA,2,125.0,16.0,True
510618,2007,NOVA LACERDA,PONTES E LACERDA,1,,,False
510618,2013,NOVA LACERDA,PONTES E LACERDA,1,,,False
510618,2014,NOVA LACERDA,PONTES E LACERDA,1,,,False
510618,2017,NOVA LACERDA,PONTES E LACERDA,1,,,False
510621,2007,NOVA CANAA DO NORTE,COLIDER,1,,,False
510622,2009,NOVA MUTUM,SINOP,2,,,False
510622,2011,NOVA MUTUM,SINOP,1,,,False
510622,2013,NOVA MUTUM,SINOP,2,,,False
510622,2014,NOVA MUTUM,SINOP,1,,,False
510622,2017,NOVA MUTUM,SINOP,2,,,False
510622,2018,NOVA MUTUM,SINOP,1,,,False
510622,2019,NOVA MUTUM,SINOP,2,,,False
510622,2024,NOVA MUTUM,SINOP,1,1079.0,0.9267840593141798,True
510622,2026,NOVA MUTUM,SINOP,1,580.0,1.7241379310344827,True
510623,2018,NOVA OLIMPIA,TANGARA DA SERRA,1,,,False
510623,2019,NOVA OLIMPIA,TANGARA DA SERRA,1,,,False
510624,2011,NOVA UBIRATA,SINOP,1,,,False
510625,2007,NOVA XAVANTINA,BARRA DO GARCAS,2,,,False
510625,2015,NOVA XAVANTINA,BARRA DO GARCAS,1,,,False
510625,2016,NOVA XAVANTINA,BARRA DO GARCAS,1,,,False
510625,2017,NOVA XAVANTINA,BARRA DO GARCAS,3,,,False
510626,2012,NOVO MUNDO,PEIXOTO DE AZEVEDO,1,,,False
510628,2017,NOVO SAO JOAQUIM,BARRA DO GARCAS,1,,,False
510629,2007,PARANAITA,ALTA FLORESTA,2,,,False
510629,2008,PARANAITA,ALTA FLORESTA,1,,,False
510629,2009,PARANAITA,ALTA FLORESTA,1,,,False
510629,2011,PARANAITA,ALTA FLORESTA,1,,,False
510630,2007,PARANATINGA,RONDONOPOLIS,2,,,False
510630,2008,PARANATINGA,RONDONOPOLIS,1,,,False
510630,2009,PARANATINGA,RONDONOPOLIS,1,,,False
510630,2010,PARANATINGA,RONDONOPOLIS,2,,,False
510630,2011,PARANATINGA,RONDONOPOLIS,1,,,False
510630,2012,PARANATINGA,RONDONOPOLIS,1,,,False
510630,2013,PARANATINGA,RONDONOPOLIS,1,,,False
510630,2014,PARANATINGA,RONDONOPOLIS,2,,,False
510630,2015,PARANATINGA,RONDONOPOLIS,1,,,False
510630,2020,PARANATINGA,RONDONOPOLIS,1,,,False
510637,2007,PEDRA PRETA,RONDONOPOLIS,1,,,False
510637,2008,PEDRA PRETA,RONDONOPOLIS,1,,,False
510637,2009,PEDRA PRETA,RONDONOPOLIS,1,,,False
510637,2011,PEDRA PRETA,RONDONOPOLIS,3,,,False
510637,2015,PEDRA PRETA,RONDONOPOLIS,1,,,False
510642,2008,PEIXOTO DE AZEVEDO,PEIXOTO DE AZEVEDO,1,,,False
510642,2009,PEIXOTO DE AZEVEDO,PEIXOTO DE AZEVEDO,1,,,False
510642,2011,PEIXOTO DE AZEVEDO,PEIXOTO DE AZEVEDO,1,,,False
510642,2012,PEIXOTO DE AZEVEDO,PEIXOTO DE AZEVEDO,1,,,False
510642,2015,PEIXOTO DE AZEVEDO,PEIXOTO DE AZEVEDO,1,,,False
510642,2022,PEIXOTO DE AZEVEDO,PEIXOTO DE AZEVEDO,2,,,False
510642,2025,PEIXOTO DE AZEVEDO,PEIXOTO DE AZEVEDO,1,684.0,1.461988304093567,True
510645,2007,PLANALTO DA SERRA,CUIABA,1,,,False
510645,2019,PLANALTO DA SERRA,CUIABA,1,,,False
510650,2007,POCONE,CUIABA,4,,,False
510650,2008,POCONE,CUIABA,4,,,False
510650,2010,POCONE,CUIABA,1,,,False
510650,2012,POCONE,CUIABA,1,,,False
510650,2013,POCONE,CUIABA,1,,,False
510650,2017,POCONE,CUIABA,2,,,False
510650,2022,POCONE,CUIABA,1,,,False
510650,2023,POCONE,CUIABA,1,513.0,1.949317738791423,True
510650,2025,POCONE,CUIABA,1,754.0,1.3262599469496021,True
510665,2015,PONTAL DO ARAGUAIA,BARRA DO GARCAS,1,,,False
510665,2018,PONTAL DO ARAGUAIA,BARRA DO GARCAS,1,,,False
510670,2010,PONTE BRANCA,BARRA DO GARCAS,1,,,False
510675,2007,PONTES E LACERDA,PONTES E LACERDA,2,,,False
510675,2008,PONTES E LACERDA,PONTES E LACERDA,2,,,False
510675,2010,PONTES E LACERDA,PONTES E LACERDA,1,,,False
510675,2011,PONTES E LACERDA,PONTES E LACERDA,2,,,False
510675,2012,PONTES E LACERDA,PONTES E LACERDA,3,,,False
510675,2013,PONTES E LACERDA,PONTES E LACERDA,1,,,False
510675,2015,PONTES E LACERDA,PONTES E LACERDA,1,,,False
510675,2016,PONTES E LACERDA,PONTES E LACERDA,1,,,False
510675,2017,PONTES E LACERDA,PONTES E LACERDA,2,,,False
510675,2020,PONTES E LACERDA,PONTES E LACERDA,1,,,False
510675,2026,PONTES E LACERDA,PONTES E LACERDA,1,460.0,2.1739130434782608,True
510682,2011,PORTO ESPERIDIAO,CACERES,2,,,False
510682,2016,PORTO ESPERIDIAO,CACERES,1,,,False
510682,2019,PORTO ESPERIDIAO,CACERES,1,,,False
510682,2021,PORTO ESPERIDIAO,CACERES,1,,,False
510682,2022,PORTO ESPERIDIAO,CACERES,1,,,False
510685,2009,PORTO ESTRELA,TANGARA DA SERRA,1,,,False
510685,2017,PORTO ESTRELA,TANGARA DA SERRA,1,,,False
510700,2007,POXOREO,RONDONOPOLIS,1,,,False
510700,2008,POXOREO,RONDONOPOLIS,1,,,False
510700,2009,POXOREO,RONDONOPOLIS,1,,,False
510700,2011,POXOREO,RONDONOPOLIS,1,,,False
510700,2022,POXOREO,RONDONOPOLIS,1,,,False
510704,2008,PRIMAVERA DO LESTE,RONDONOPOLIS,4,,,False
510704,2009,PRIMAVERA DO LESTE,RONDONOPOLIS,2,,,False
510704,2010,PRIMAVERA DO LESTE,RONDONOPOLIS,2,,,False
510704,2011,PRIMAVERA DO LESTE,RONDONOPOLIS,2,,,False
510704,2013,PRIMAVERA DO LESTE,RONDONOPOLIS,1,,,False
510704,2018,PRIMAVERA DO LESTE,RONDONOPOLIS,5,,,False
510704,2019,PRIMAVERA DO LESTE,RONDONOPOLIS,3,,,False
510704,2022,PRIMAVERA DO LESTE,RONDONOPOLIS,1,,,False
510704,2023,PRIMAVERA DO LESTE,RONDONOPOLIS,1,1585.0,0.6309148264984228,True
510704,2024,PRIMAVERA DO LESTE,RONDONOPOLIS,1,1481.0,0.675219446320054,True
510706,2008,QUERENCIA,AGUA BOA,2,,,False
510706,2009,QUERENCIA,AGUA BOA,1,,,False
510706,2016,QUERENCIA,AGUA BOA,1,,,False
510706,2022,QUERENCIA,AGUA BOA,1,,,False
510710,2007,SAO JOSE DOS QUATRO MARCOS,CACERES,1,,,False
510710,2008,SAO JOSE DOS QUATRO MARCOS,CACERES,1,,,False
510710,2009,SAO JOSE DOS QUATRO MARCOS,CACERES,1,,,False
510710,2013,SAO JOSE DOS QUATRO MARCOS,CACERES,1,,,False
510710,2016,SAO JOSE DOS QUATRO MARCOS,CACERES,1,,,False
510710,2020,SAO JOSE DOS QUATRO MARCOS,CACERES,1,,,False
510718,2015,RIBEIRAO CASCALHEIRA,AGUA BOA,1,,,False
510718,2019,RIBEIRAO CASCALHEIRA,AGUA BOA,1,,,False
510718,2023,RIBEIRAO CASCALHEIRA,AGUA BOA,1,146.0,6.8493150684931505,True
510720,2022,RIO BRANCO,CACERES,1,,,False
510720,2023,RIO BRANCO,CACERES,2,56.0,35.714285714285715,True
510724,2024,SANTA CARMEM,SINOP,1,97.0,10.309278350515465,True
510726,2015,SANTO AFONSO,TANGARA DA SERRA,1,,,False
510730,2008,SAO JOSE DO RIO CLARO,DIAMANTINO,1,,,False
510730,2011,SAO JOSE DO RIO CLARO,DIAMANTINO,1,,,False
510730,2020,SAO JOSE DO RIO CLARO,DIAMANTINO,1,,,False
510730,2023,SAO JOSE DO RIO CLARO,DIAMANTINO,1,207.0,4.830917874396135,True
510730,2026,SAO JOSE DO RIO CLARO,DIAMANTINO,3,89.0,33.70786516853933,True
510735,2008,SAO JOSE DO XINGU,PORTO ALEGRE DO NORTE,1,,,False
510735,2009,SAO JOSE DO XINGU,PORTO ALEGRE DO NORTE,1,,,False
510735,2025,SAO JOSE DO XINGU,PORTO ALEGRE DO NORTE,1,136.0,7.352941176470588,True
510735,2026,SAO JOSE DO XINGU,PORTO ALEGRE DO NORTE,1,63.0,15.873015873015872,True
510740,2008,SAO PEDRO DA CIPA,RONDONOPOLIS,1,,,False
510740,2018,SAO PEDRO DA CIPA,RONDONOPOLIS,1,,,False
510760,2007,RONDONOPOLIS,RONDONOPOLIS,12,,,False
510760,2008,RONDONOPOLIS,RONDONOPOLIS,11,,,False
510760,2009,RONDONOPOLIS,RONDONOPOLIS,12,,,False
510760,2010,RONDONOPOLIS,RONDONOPOLIS,5,,,False
510760,2011,RONDONOPOLIS,RONDONOPOLIS,4,,,False
510760,2012,RONDONOPOLIS,RONDONOPOLIS,7,,,False
510760,2013,RONDONOPOLIS,RONDONOPOLIS,5,,,False
510760,2014,RONDONOPOLIS,RONDONOPOLIS,9,,,False
510760,2015,RONDONOPOLIS,RONDONOPOLIS,6,,,False
510760,2016,RONDONOPOLIS,RONDONOPOLIS,7,,,False
510760,2017,RONDONOPOLIS,RONDONOPOLIS,1,,,False
510760,2018,RONDONOPOLIS,RONDONOPOLIS,5,,,False
510760,2019,RONDONOPOLIS,RONDONOPOLIS,3,,,False
510760,2020,RONDONOPOLIS,RONDONOPOLIS,1,,,False
510760,2021,RONDONOPOLIS,RONDONOPOLIS,1,,,False
510760,2022,RONDONOPOLIS,RONDONOPOLIS,3,,,False
510760,2023,RONDONOPOLIS,RONDONOPOLIS,6,3965.0,1.5132408575031526,True
510760,2024,RONDONOPOLIS,RONDONOPOLIS,4,3680.0,1.0869565217391304,True
510760,2026,RONDONOPOLIS,RONDONOPOLIS,2,2110.0,0.9478672985781991,True
510770,2008,ROSARIO OESTE,DIAMANTINO,3,,,False
510770,2009,ROSARIO OESTE,DIAMANTINO,1,,,False
510770,2017,ROSARIO OESTE,DIAMANTINO,1,,,False
510774,2010,SANTA CRUZ DO XINGU,PORTO ALEGRE DO NORTE,1,,,False
510777,2007,SANTA TEREZINHA,PORTO ALEGRE DO NORTE,1,,,False
510777,2009,SANTA TEREZINHA,PORTO ALEGRE DO NORTE,1,,,False
510780,2007,SANTO ANTONIO DO LEVERGER,CUIABA,2,,,False
510780,2011,SANTO ANTONIO DO LEVERGER,CUIABA,4,,,False
510780,2013,SANTO ANTONIO DO LEVERGER,CUIABA,1,,,False
510780,2016,SANTO ANTONIO DO LEVERGER,CUIABA,2,,,False
510780,2020,SANTO ANTONIO DO LEVERGER,CUIABA,1,,,False
510780,2026,SANTO ANTONIO DO LEVERGER,CUIABA,1,103.0,9.70873786407767,True
510785,1975,SAO FELIX DO ARAGUAIA,SAO FELIX DO ARAGUAIA,1,,,False
510787,2007,SAPEZAL,TANGARA DA SERRA,2,,,False
510787,2009,SAPEZAL,TANGARA DA SERRA,6,,,False
510787,2010,SAPEZAL,TANGARA DA SERRA,2,,,False
510787,2011,SAPEZAL,TANGARA DA SERRA,1,,,False
510787,2013,SAPEZAL,TANGARA DA SERRA,1,,,False
510787,2019,SAPEZAL,TANGARA DA SERRA,2,,,False
510787,2023,SAPEZAL,TANGARA DA SERRA,1,598.0,1.6722408026755853,True
510788,2023,SERRA NOVA DOURADA,SAO FELIX DO ARAGUAIA,1,22.0,45.45454545454545,True
510790,2007,SINOP,SINOP,19,,,False
510790,2008,SINOP,SINOP,24,,,False
510790,2009,SINOP,SINOP,19,,,False
510790,2010,SINOP,SINOP,4,,,False
510790,2011,SINOP,SINOP,10,,,False
510790,2012,SINOP,SINOP,6,,,False
510790,2013,SINOP,SINOP,2,,,False
510790,2014,SINOP,SINOP,7,,,False
510790,2015,SINOP,SINOP,2,,,False
510790,2016,SINOP,SINOP,2,,,False
510790,2017,SINOP,SINOP,1,,,False
510790,2018,SINOP,SINOP,7,,,False
510790,2019,SINOP,SINOP,6,,,False
510790,2021,SINOP,SINOP,3,,,False
510790,2022,SINOP,SINOP,9,,,False
510790,2023,SINOP,SINOP,10,3669.0,2.7255382938130284,True
510790,2024,SINOP,SINOP,5,3560.0,1.4044943820224718,True
510790,2025,SINOP,SINOP,13,7672.0,1.694473409801877,True
510790,2026,SINOP,SINOP,6,1846.0,3.2502708559046587,True
510792,2007,SORRISO,SINOP,1,,,False
510792,2009,SORRISO,SINOP,3,,,False
510792,2010,SORRISO,SINOP,2,,,False
510792,2011,SORRISO,SINOP,1,,,False
510792,2012,SORRISO,SINOP,5,,,False
510792,2014,SORRISO,SINOP,2,,,False
510792,2016,SORRISO,SINOP,1,,,False
510792,2017,SORRISO,SINOP,2,,,False
510792,2020,SORRISO,SINOP,1,,,False
510792,2023,SORRISO,SINOP,2,2194.0,0.9115770282588879,True
510792,2024,SORRISO,SINOP,2,2117.0,0.944733112895607,True
510792,2025,SORRISO,SINOP,2,4362.0,0.4585052728106373,True
510792,2026,SORRISO,SINOP,1,1084.0,0.9225092250922509,True
510794,2007,TABAPORA,JUARA,1,,,False
510795,2007,TANGARA DA SERRA,TANGARA DA SERRA,14,,,False
510795,2008,TANGARA DA SERRA,TANGARA DA SERRA,3,,,False
510795,2010,TANGARA DA SERRA,TANGARA DA SERRA,1,,,False
510795,2011,TANGARA DA SERRA,TANGARA DA SERRA,4,,,False
510795,2012,TANGARA DA SERRA,TANGARA DA SERRA,1,,,False
510795,2013,TANGARA DA SERRA,TANGARA DA SERRA,1,,,False
510795,2016,TANGARA DA SERRA,TANGARA DA SERRA,1,,,False
510795,2017,TANGARA DA SERRA,TANGARA DA SERRA,1,,,False
510795,2019,TANGARA DA SERRA,TANGARA DA SERRA,1,,,False
510795,2022,TANGARA DA SERRA,TANGARA DA SERRA,1,,,False
510795,2023,TANGARA DA SERRA,TANGARA DA SERRA,1,1497.0,0.6680026720106881,True
510795,2024,TANGARA DA SERRA,TANGARA DA SERRA,2,1469.0,1.3614703880190604,True
510795,2025,TANGARA DA SERRA,TANGARA DA SERRA,2,3185.0,0.6279434850863422,True
510795,2026,TANGARA DA SERRA,TANGARA DA SERRA,2,843.0,2.3724792408066433,True
510800,2012,TAPURAH,SINOP,1,,,False
510800,2015,TAPURAH,SINOP,1,,,False
510800,2026,TAPURAH,SINOP,1,123.0,8.130081300813009,True
510805,2020,TERRA NOVA DO NORTE,PEIXOTO DE AZEVEDO,1,,,False
510805,2022,TERRA NOVA DO NORTE,PEIXOTO DE AZEVEDO,1,,,False
510830,2024,UNIAO DO SUL,SINOP,1,69.0,14.492753623188406,True
510840,1976,VARZEA GRANDE,CUIABA,1,,,False
510840,2007,VARZEA GRANDE,CUIABA,34,,,False
510840,2008,VARZEA GRANDE,CUIABA,39,,,False
510840,2009,VARZEA GRANDE,CUIABA,21,,,False
510840,2010,VARZEA GRANDE,CUIABA,14,,,False
510840,2011,VARZEA GRANDE,CUIABA,10,,,False
510840,2012,VARZEA GRANDE,CUIABA,12,,,False
510840,2013,VARZEA GRANDE,CUIABA,7,,,False
510840,2014,VARZEA GRANDE,CUIABA,11,,,False
510840,2015,VARZEA GRANDE,CUIABA,4,,,False
510840,2016,VARZEA GRANDE,CUIABA,9,,,False
510840,2017,VARZEA GRANDE,CUIABA,6,,,False
510840,2018,VARZEA GRANDE,CUIABA,8,,,False
510840,2019,VARZEA GRANDE,CUIABA,8,,,False
510840,2020,VARZEA GRANDE,CUIABA,1,,,False
510840,2021,VARZEA GRANDE,CUIABA,4,,,False
510840,2022,VARZEA GRANDE,CUIABA,4,,,False
510840,2023,VARZEA GRANDE,CUIABA,7,4569.0,1.5320639089516306,True
510840,2024,VARZEA GRANDE,CUIABA,10,4403.0,2.271178741766977,True
510840,2025,VARZEA GRANDE,CUIABA,7,9358.0,0.7480230818550972,True
510840,2026,VARZEA GRANDE,CUIABA,4,2270.0,1.762114537444934,True
510850,2009,VERA,SINOP,1,,,False
510850,2011,VERA,SINOP,1,,,False
510850,2012,VERA,SINOP,1,,,False
510860,2008,VILA RICA,PORTO ALEGRE DO NORTE,1,,,False
510860,2011,VILA RICA,PORTO ALEGRE DO NORTE,1,,,False
510860,2015,VILA RICA,PORTO ALEGRE DO NORTE,1,,,False
510860,2016,VILA RICA,PORTO ALEGRE DO NORTE,1,,,False
510860,2018,VILA RICA,PORTO ALEGRE DO NORTE,1,,,False
510860,2023,VILA RICA,PORTO ALEGRE DO NORTE,1,304.0,3.289473684210526,True
510860,2025,VILA RICA,PORTO ALEGRE DO NORTE,1,321.0,3.115264797507788,True
510880,2014,NOVA GUARITA,COLIDER,1,,,False
510885,2024,NOVA MARILANDIA,TANGARA DA SERRA,1,43.0,23.25581395348837,True
510885,2025,NOVA MARILANDIA,TANGARA DA SERRA,1,85.0,11.76470588235294,True
510890,2008,NOVA MARINGA,DIAMANTINO,1,,,False
510890,2015,NOVA MARINGA,DIAMANTINO,1,,,False
