codigo_municipio_v17,municipio_v17,regional_v17,dm_lab_90d,dm_90d,pct_sorogrupo_dm_90d,pct_quimio_dm_90d,incidencia_dm_90d_100mil,score_risco_nt154_v25,score_risco_nt97_v25,prioridade,norma
510510,JUARA,JUARA,1,1,0.0,100.0,,35.0,35.0,Média,NT 154/2024
510010,ACORIZAL,CUIABA,0,0,,,,0.0,0.0,Baixa,NT 154/2024
510025,ALTA FLORESTA,ALTA FLORESTA,0,0,,,,0.0,0.0,Baixa,NT 154/2024
510020,AGUA BOA,AGUA BOA,0,0,,,,0.0,0.0,Baixa,NT 154/2024
510035,ALTO BOA VISTA,SAO FELIX DO ARAGUAIA,0,0,,,,0.0,0.0,Baixa,NT 154/2024
510040,ALTO GARCAS,RONDONOPOLIS,0,0,,,,0.0,0.0,Baixa,NT 154/2024
510050,ALTO PARAGUAI,DIAMANTINO,0,0,,,,0.0,0.0,Baixa,NT 154/2024
510060,ALTO TAQUARI,RONDONOPOLIS,0,0,,,,0.0,0.0,Baixa,NT 154/2024
510080,APIACAS,ALTA FLORESTA,0,0,,,,0.0,0.0,Baixa,NT 154/2024
510100,ARAGUAIANA,BARRA DO GARCAS,0,0,,,,0.0,0.0,Baixa,NT 154/2024
510120,ARAGUAINHA,RONDONOPOLIS,0,0,,,,0.0,0.0,Baixa,NT 154/2024
510030,ALTO ARAGUAIA,RONDONOPOLIS,0,0,,,,0.0,0.0,Baixa,NT 154/2024
510125,ARAPUTANGA,CACERES,0,0,,,,0.0,0.0,Baixa,NT 154/2024
510130,ARENAPOLIS,TANGARA DA SERRA,0,0,,,,0.0,0.0,Baixa,NT 154/2024
510160,BARAO DE MELGACO,CUIABA,0,0,,,,0.0,0.0,Baixa,NT 154/2024
510140,ARIPUANA,JUINA,0,0,,,,0.0,0.0,Baixa,NT 154/2024
510180,BARRA DO GARCAS,BARRA DO GARCAS,0,0,,,,0.0,0.0,Baixa,NT 154/2024
510185,BOM JESUS DO ARAGUAIA,AGUA BOA,0,0,,,,0.0,0.0,Baixa,NT 154/2024
510190,BRASNORTE,JUINA,0,0,,,,0.0,0.0,Baixa,NT 154/2024
510170,BARRA DO BUGRES,TANGARA DA SERRA,0,0,,,,0.0,0.0,Baixa,NT 154/2024
510260,CAMPINAPOLIS,BARRA DO GARCAS,0,0,,,,0.0,0.0,Baixa,NT 154/2024
510263,CAMPO NOVO DO PARECIS,TANGARA DA SERRA,0,0,,,,0.0,0.0,Baixa,NT 154/2024
510267,CAMPO VERDE,RONDONOPOLIS,0,0,,,,0.0,0.0,Baixa,NT 154/2024
510268,CAMPOS DE JULIO,PONTES E LACERDA,0,0,,,,0.0,0.0,Baixa,NT 154/2024
510269,CANABRAVA DO NORTE,PORTO ALEGRE DO NORTE,0,0,,,,0.0,0.0,Baixa,NT 154/2024
510270,CANARANA,AGUA BOA,0,0,,,,0.0,0.0,Baixa,NT 154/2024
510279,CARLINDA,ALTA FLORESTA,0,0,,,,0.0,0.0,Baixa,NT 154/2024
510250,CACERES,CACERES,0,0,,,,0.0,0.0,Baixa,NT 154/2024
510300,CHAPADA DOS GUIMARAES,CUIABA,0,0,,,,0.0,0.0,Baixa,NT 154/2024
510305,CLAUDIA,SINOP,0,0,,,,0.0,0.0,Baixa,NT 154/2024
510310,COCALINHO,AGUA BOA,0,0,,,,0.0,0.0,Baixa,NT 154/2024
510320,COLIDER,COLIDER,0,0,,,,0.0,0.0,Baixa,NT 154/2024
510325,COLNIZA,JUINA,0,0,,,,0.0,0.0,Baixa,NT 154/2024
510330,COMODORO,PONTES E LACERDA,0,0,,,,0.0,0.0,Baixa,NT 154/2024
510335,CONFRESA,PORTO ALEGRE DO NORTE,0,0,,,,0.0,0.0,Baixa,NT 154/2024
510336,CONQUISTA D OESTE,PONTES E LACERDA,0,0,,,,0.0,0.0,Baixa,NT 154/2024
510337,COTRIGUACU,JUINA,0,0,,,,0.0,0.0,Baixa,NT 154/2024
510340,CUIABA,CUIABA,0,0,,,,0.0,0.0,Baixa,NT 154/2024
510343,CURVELANDIA,CACERES,0,0,,,,0.0,0.0,Baixa,NT 154/2024
510345,DENISE,TANGARA DA SERRA,0,0,,,,0.0,0.0,Baixa,NT 154/2024
510350,DIAMANTINO,DIAMANTINO,0,0,,,,0.0,0.0,Baixa,NT 154/2024
510360,DOM AQUINO,RONDONOPOLIS,0,0,,,,0.0,0.0,Baixa,NT 154/2024
510370,FELIZ NATAL,SINOP,0,0,,,,0.0,0.0,Baixa,NT 154/2024
510285,CASTANHEIRA,JUINA,0,0,,,,0.0,0.0,Baixa,NT 154/2024
510380,FIGUEIROPOLIS D OESTE,PONTES E LACERDA,0,0,,,,0.0,0.0,Baixa,NT 154/2024
510385,GAUCHA DO NORTE,AGUA BOA,0,0,,,,0.0,0.0,Baixa,NT 154/2024
510395,GLORIA D OESTE,CACERES,0,0,,,,0.0,0.0,Baixa,NT 154/2024
510390,GENERAL CARNEIRO,BARRA DO GARCAS,0,0,,,,0.0,0.0,Baixa,NT 154/2024
510420,GUIRATINGA,RONDONOPOLIS,0,0,,,,0.0,0.0,Baixa,NT 154/2024
510450,INDIAVAI,CACERES,0,0,,,,0.0,0.0,Baixa,NT 154/2024
510452,IPIRANGA DO NORTE,SINOP,0,0,,,,0.0,0.0,Baixa,NT 154/2024
510410,GUARANTA DO NORTE,PEIXOTO DE AZEVEDO,0,0,,,,0.0,0.0,Baixa,NT 154/2024
510454,ITANHANGA,SINOP,0,0,,,,0.0,0.0,Baixa,NT 154/2024
510455,ITAUBA,COLIDER,0,0,,,,0.0,0.0,Baixa,NT 154/2024
510480,JACIARA,RONDONOPOLIS,0,0,,,,0.0,0.0,Baixa,NT 154/2024
510460,ITIQUIRA,RONDONOPOLIS,0,0,,,,0.0,0.0,Baixa,NT 154/2024
510490,JANGADA,CUIABA,0,0,,,,0.0,0.0,Baixa,NT 154/2024
510500,JAURU,PONTES E LACERDA,0,0,,,,0.0,0.0,Baixa,NT 154/2024
510515,JUINA,JUINA,0,0,,,,0.0,0.0,Baixa,NT 154/2024
510517,JURUENA,JUINA,0,0,,,,0.0,0.0,Baixa,NT 154/2024
510520,JUSCIMEIRA,RONDONOPOLIS,0,0,,,,0.0,0.0,Baixa,NT 154/2024
510523,LAMBARI D OESTE,CACERES,0,0,,,,0.0,0.0,Baixa,NT 154/2024
510525,LUCAS DO RIO VERDE,SINOP,0,0,,,,0.0,0.0,Baixa,NT 154/2024
510530,LUCIARA,SAO FELIX DO ARAGUAIA,0,0,,,,0.0,0.0,Baixa,NT 154/2024
510550,VILA BELA DA S TRINDADE,PONTES E LACERDA,0,0,,,,0.0,0.0,Baixa,NT 154/2024
510558,MARCELANDIA,COLIDER,0,0,,,,0.0,0.0,Baixa,NT 154/2024
510560,MATUPA,PEIXOTO DE AZEVEDO,0,0,,,,0.0,0.0,Baixa,NT 154/2024
510562,MIRASSOL D OESTE,CACERES,0,0,,,,0.0,0.0,Baixa,NT 154/2024
510590,NOBRES,DIAMANTINO,0,0,,,,0.0,0.0,Baixa,NT 154/2024
510600,NORTELANDIA,DIAMANTINO,0,0,,,,0.0,0.0,Baixa,NT 154/2024
510610,NOSSA SENHORA DO LIVRAMENTO,CUIABA,0,0,,,,0.0,0.0,Baixa,NT 154/2024
510615,NOVA BANDEIRANTES,ALTA FLORESTA,0,0,,,,0.0,0.0,Baixa,NT 154/2024
510617,NOVA NAZARE,AGUA BOA,0,0,,,,0.0,0.0,Baixa,NT 154/2024
510618,NOVA LACERDA,PONTES E LACERDA,0,0,,,,0.0,0.0,Baixa,NT 154/2024
510619,NOVA SANTA HELENA,COLIDER,0,0,,,,0.0,0.0,Baixa,NT 154/2024
510620,NOVA BRASILANDIA,CUIABA,0,0,,,,0.0,0.0,Baixa,NT 154/2024
510621,NOVA CANAA DO NORTE,COLIDER,0,0,,,,0.0,0.0,Baixa,NT 154/2024
510622,NOVA MUTUM,SINOP,0,0,,,,0.0,0.0,Baixa,NT 154/2024
510623,NOVA OLIMPIA,TANGARA DA SERRA,0,0,,,,0.0,0.0,Baixa,NT 154/2024
510624,NOVA UBIRATA,SINOP,0,0,,,,0.0,0.0,Baixa,NT 154/2024
510625,NOVA XAVANTINA,BARRA DO GARCAS,0,0,,,,0.0,0.0,Baixa,NT 154/2024
510626,NOVO MUNDO,PEIXOTO DE AZEVEDO,0,0,,,,0.0,0.0,Baixa,NT 154/2024
510627,NOVO HORIZONTE DO NORTE,JUARA,0,0,,,,0.0,0.0,Baixa,NT 154/2024
510628,NOVO SAO JOAQUIM,BARRA DO GARCAS,0,0,,,,0.0,0.0,Baixa,NT 154/2024
510629,PARANAITA,ALTA FLORESTA,0,0,,,,0.0,0.0,Baixa,NT 154/2024
510630,PARANATINGA,RONDONOPOLIS,0,0,,,,0.0,0.0,Baixa,NT 154/2024
510631,NOVO SANTO ANTONIO,SAO FELIX DO ARAGUAIA,0,0,,,,0.0,0.0,Baixa,NT 154/2024
510637,PEDRA PRETA,RONDONOPOLIS,0,0,,,,0.0,0.0,Baixa,NT 154/2024
510642,PEIXOTO DE AZEVEDO,PEIXOTO DE AZEVEDO,0,0,,,,0.0,0.0,Baixa,NT 154/2024
510645,PLANALTO DA SERRA,CUIABA,0,0,,,,0.0,0.0,Baixa,NT 154/2024
510650,POCONE,CUIABA,0,0,,,,0.0,0.0,Baixa,NT 154/2024
510665,PONTAL DO ARAGUAIA,BARRA DO GARCAS,0,0,,,,0.0,0.0,Baixa,NT 154/2024
510670,PONTE BRANCA,BARRA DO GARCAS,0,0,,,,0.0,0.0,Baixa,NT 154/2024
510675,PONTES E LACERDA,PONTES E LACERDA,0,0,,,,0.0,0.0,Baixa,NT 154/2024
510677,PORTO ALEGRE DO NORTE,PORTO ALEGRE DO NORTE,0,0,,,,0.0,0.0,Baixa,NT 154/2024
510680,PORTO DOS GAUCHOS,JUARA,0,0,,,,0.0,0.0,Baixa,NT 154/2024
510682,PORTO ESPERIDIAO,CACERES,0,0,,,,0.0,0.0,Baixa,NT 154/2024
510685,PORTO ESTRELA,TANGARA DA SERRA,0,0,,,,0.0,0.0,Baixa,NT 154/2024
510700,POXOREO,RONDONOPOLIS,0,0,,,,0.0,0.0,Baixa,NT 154/2024
510704,PRIMAVERA DO LESTE,RONDONOPOLIS,0,0,,,,0.0,0.0,Baixa,NT 154/2024
510706,QUERENCIA,AGUA BOA,0,0,,,,0.0,0.0,Baixa,NT 154/2024
510710,SAO JOSE DOS QUATRO MARCOS,CACERES,0,0,,,,0.0,0.0,Baixa,NT 154/2024
510715,RESERVA DO CABACAL,CACERES,0,0,,,,0.0,0.0,Baixa,NT 154/2024
510718,RIBEIRAO CASCALHEIRA,AGUA BOA,0,0,,,,0.0,0.0,Baixa,NT 154/2024
510719,RIBEIRAOZINHO,BARRA DO GARCAS,0,0,,,,0.0,0.0,Baixa,NT 154/2024
510720,RIO BRANCO,CACERES,0,0,,,,0.0,0.0,Baixa,NT 154/2024
510724,SANTA CARMEM,SINOP,0,0,,,,0.0,0.0,Baixa,NT 154/2024
510726,SANTO AFONSO,TANGARA DA SERRA,0,0,,,,0.0,0.0,Baixa,NT 154/2024
510729,SAO JOSE DO POVO,RONDONOPOLIS,0,0,,,,0.0,0.0,Baixa,NT 154/2024
510730,SAO JOSE DO RIO CLARO,DIAMANTINO,0,0,,,,0.0,0.0,Baixa,NT 154/2024
510735,SAO JOSE DO XINGU,PORTO ALEGRE DO NORTE,0,0,,,,0.0,0.0,Baixa,NT 154/2024
510740,SAO PEDRO DA CIPA,RONDONOPOLIS,0,0,,,,0.0,0.0,Baixa,NT 154/2024
510760,RONDONOPOLIS,RONDONOPOLIS,0,0,,,,0.0,0.0,Baixa,NT 154/2024
510770,ROSARIO OESTE,DIAMANTINO,0,0,,,,0.0,0.0,Baixa,NT 154/2024
510774,SANTA CRUZ DO XINGU,PORTO ALEGRE DO NORTE,0,0,,,,0.0,0.0,Baixa,NT 154/2024
510775,SALTO DO CEU,CACERES,0,0,,,,0.0,0.0,Baixa,NT 154/2024
510776,SANTA RITA DO TRIVELATO,SINOP,0,0,,,,0.0,0.0,Baixa,NT 154/2024
510777,SANTA TEREZINHA,PORTO ALEGRE DO NORTE,0,0,,,,0.0,0.0,Baixa,NT 154/2024
510779,SANTO ANTONIO DO LESTE,RONDONOPOLIS,0,0,,,,0.0,0.0,Baixa,NT 154/2024
510780,SANTO ANTONIO DO LEVERGER,CUIABA,0,0,,,,0.0,0.0,Baixa,NT 154/2024
510785,SAO FELIX DO ARAGUAIA,SAO FELIX DO ARAGUAIA,0,0,,,,0.0,0.0,Baixa,NT 154/2024
510787,SAPEZAL,TANGARA DA SERRA,0,0,,,,0.0,0.0,Baixa,NT 154/2024
510788,SERRA NOVA DOURADA,SAO FELIX DO ARAGUAIA,0,0,,,,0.0,0.0,Baixa,NT 154/2024
510790,SINOP,SINOP,0,0,,,,0.0,0.0,Baixa,NT 154/2024
510792,SORRISO,SINOP,0,0,,,,0.0,0.0,Baixa,NT 154/2024
510794,TABAPORA,JUARA,0,0,,,,0.0,0.0,Baixa,NT 154/2024
510795,TANGARA DA SERRA,TANGARA DA SERRA,0,0,,,,0.0,0.0,Baixa,NT 154/2024
510800,TAPURAH,SINOP,0,0,,,,0.0,0.0,Baixa,NT 154/2024
510805,TERRA NOVA DO NORTE,PEIXOTO DE AZEVEDO,0,0,,,,0.0,0.0,Baixa,NT 154/2024
510810,TESOURO,RONDONOPOLIS,0,0,,,,0.0,0.0,Baixa,NT 154/2024
510820,TORIXOREU,BARRA DO GARCAS,0,0,,,,0.0,0.0,Baixa,NT 154/2024
510830,UNIAO DO SUL,SINOP,0,0,,,,0.0,0.0,Baixa,NT 154/2024
510835,VALE DE SAO DOMINGOS,PONTES E LACERDA,0,0,,,,0.0,0.0,Baixa,NT 154/2024
510840,VARZEA GRANDE,CUIABA,0,0,,,,0.0,0.0,Baixa,NT 154/2024
510850,VERA,SINOP,0,0,,,,0.0,0.0,Baixa,NT 154/2024
510860,VILA RICA,PORTO ALEGRE DO NORTE,0,0,,,,0.0,0.0,Baixa,NT 154/2024
510880,NOVA GUARITA,COLIDER,0,0,,,,0.0,0.0,Baixa,NT 154/2024
510885,NOVA MARILANDIA,TANGARA DA SERRA,0,0,,,,0.0,0.0,Baixa,NT 154/2024
510890,NOVA MARINGA,DIAMANTINO,0,0,,,,0.0,0.0,Baixa,NT 154/2024
510895,NOVA MONTE VERDE,ALTA FLORESTA,0,0,,,,0.0,0.0,Baixa,NT 154/2024
