data_ref_v17,casos,confirmados,hospitalizacoes,obitos_meningite
1966-11-21,1,1,1,1
1975-04-23,1,0,1,0
1976-04-12,1,1,1,0
1980-11-02,1,1,1,0
2000-12-30,1,0,1,0
2002-10-22,1,0,1,0
2004-12-10,1,0,1,0
2006-12-19,1,1,1,0
2006-12-20,1,1,1,0
2006-12-22,1,1,1,0
2006-12-27,1,1,1,0
2006-12-30,3,2,2,0
2006-12-31,1,0,1,0
2007-01-02,3,3,3,0
2007-01-03,4,4,4,0
2007-01-04,1,0,1,0
2007-01-05,2,2,2,0
2007-01-07,2,1,1,0
2007-01-08,2,2,2,0
2007-01-09,1,1,1,0
2007-01-11,3,1,2,0
2007-01-12,2,0,2,0
2007-01-13,5,4,4,0
2007-01-14,3,2,3,0
2007-01-16,2,0,2,0
2007-01-18,1,1,1,0
2007-01-20,1,1,1,0
2007-01-21,1,1,1,0
2007-01-23,2,1,2,0
2007-01-24,1,1,1,0
2007-01-26,1,0,1,0
2007-01-27,3,2,3,0
2007-01-28,1,1,1,0
2007-01-29,3,3,3,0
2007-01-30,2,0,2,0
2007-01-31,4,1,3,0
2007-02-01,3,3,2,1
2007-02-03,2,0,2,0
2007-02-04,1,0,1,0
2007-02-05,3,1,3,1
2007-02-06,2,2,2,0
2007-02-07,1,1,1,0
2007-02-08,4,3,4,0
2007-02-09,2,2,2,0
2007-02-10,1,1,1,0
2007-02-11,3,2,3,0
2007-02-12,4,2,4,0
2007-02-15,3,2,2,0
2007-02-16,1,0,1,0
2007-02-17,1,0,1,0
2007-02-18,2,1,2,0
2007-02-20,3,2,3,0
2007-02-21,3,2,3,1
2007-02-22,2,1,2,0
2007-02-23,3,3,3,0
2007-02-25,2,1,2,1
2007-02-26,1,1,1,0
2007-02-27,4,3,3,0
2007-03-01,4,1,4,0
2007-03-02,3,2,3,0
2007-03-03,1,1,1,0
2007-03-04,1,1,1,0
2007-03-05,4,4,4,0
2007-03-06,6,4,6,0
2007-03-07,1,0,1,0
2007-03-09,1,1,1,0
2007-03-10,2,1,1,0
2007-03-11,4,3,4,0
2007-03-12,4,3,4,0
2007-03-13,2,1,2,0
2007-03-14,1,0,1,0
2007-03-15,2,0,2,0
2007-03-18,1,0,1,0
2007-03-19,1,1,1,0
2007-03-20,2,0,1,0
2007-03-21,1,0,1,0
2007-03-22,7,6,7,0
2007-03-23,4,3,3,0
2007-03-24,2,1,2,0
2007-03-25,3,1,3,0
2007-03-26,1,0,1,0
2007-03-27,5,4,5,0
2007-03-28,4,1,3,0
2007-03-29,6,5,6,0
2007-03-31,2,1,2,0
2007-04-01,3,2,3,0
2007-04-02,3,2,2,0
2007-04-03,5,2,3,0
2007-04-04,5,0,5,0
2007-04-05,4,3,4,0
2007-04-06,5,4,5,0
2007-04-07,1,1,1,0
2007-04-08,3,2,3,0
2007-04-09,7,3,7,1
2007-04-10,12,6,12,1
2007-04-11,4,3,4,0
2007-04-12,5,1,4,0
2007-04-13,5,3,5,0
2007-04-14,3,2,3,1
2007-04-15,2,2,2,0
2007-04-16,5,2,5,0
2007-04-18,4,1,4,0
2007-04-19,2,2,2,0
2007-04-20,7,5,7,0
2007-04-21,3,0,2,0
2007-04-22,1,1,1,0
2007-04-23,3,1,3,0
2007-04-24,8,5,8,0
2007-04-25,3,2,3,0
2007-04-26,4,4,4,0
2007-04-27,1,0,1,0
2007-04-28,2,1,2,0
2007-04-29,1,0,1,0
2007-05-01,3,1,3,0
2007-05-02,3,3,3,0
2007-05-03,4,1,4,0
2007-05-04,2,1,2,0
2007-05-05,1,0,1,0
2007-05-06,2,2,2,0
2007-05-07,2,0,2,0
2007-05-09,3,3,3,0
2007-05-10,1,0,0,0
2007-05-11,2,2,2,0
2007-05-12,2,1,1,0
2007-05-13,5,5,5,1
2007-05-14,1,1,1,0
2007-05-15,3,2,3,0
2007-05-16,2,0,2,0
2007-05-17,4,3,4,0
2007-05-18,1,0,1,0
2007-05-19,2,1,2,0
2007-05-20,2,2,2,0
2007-05-21,1,0,1,0
2007-05-22,1,0,1,0
2007-05-23,1,0,1,0
2007-05-24,3,2,2,0
2007-05-25,4,4,4,2
2007-05-26,1,1,1,0
2007-05-28,1,0,1,0
2007-05-29,3,3,3,1
2007-05-31,1,0,1,0
2007-06-01,4,3,4,0
2007-06-02,2,1,2,0
2007-06-03,1,1,1,0
2007-06-04,8,7,8,0
2007-06-05,1,1,1,0
2007-06-06,1,1,1,0
2007-06-07,2,0,2,0
2007-06-08,1,1,1,1
2007-06-09,3,3,3,0
2007-06-10,3,1,3,0
2007-06-11,2,0,2,0
2007-06-12,2,0,2,0
2007-06-13,2,0,2,0
2007-06-15,2,2,2,1
2007-06-16,1,0,1,0
2007-06-17,2,1,1,0
2007-06-18,3,3,3,0
2007-06-19,2,2,2,0
2007-06-21,2,1,2,0
2007-06-24,4,2,4,0
2007-06-25,5,3,4,0
2007-06-26,3,2,3,0
2007-06-27,1,1,1,0
2007-06-28,3,1,3,0
2007-06-29,1,0,1,0
2007-06-30,2,2,2,0
2007-07-01,5,4,5,0
2007-07-02,2,2,2,0
2007-07-03,3,2,3,1
2007-07-04,3,2,3,0
2007-07-05,2,2,2,1
2007-07-06,1,0,0,0
2007-07-07,1,1,1,0
2007-07-08,3,1,3,0
2007-07-10,1,1,1,0
2007-07-11,3,1,2,1
2007-07-12,1,1,1,0
2007-07-15,3,2,3,0
2007-07-16,1,1,1,1
2007-07-17,1,0,1,0
2007-07-18,1,0,1,0
2007-07-19,1,1,1,1
2007-07-20,2,2,2,0
2007-07-21,3,2,3,1
2007-07-22,2,2,2,1
2007-07-23,2,1,2,0
2007-07-24,1,1,1,0
2007-07-30,3,3,3,0
2007-08-01,4,2,3,0
2007-08-05,3,1,3,0
2007-08-06,1,0,1,0
2007-08-07,2,1,2,0
2007-08-09,2,1,2,0
2007-08-12,1,0,1,0
2007-08-13,2,1,2,0
2007-08-15,3,1,2,0
2007-08-17,1,1,1,0
2007-08-18,2,2,2,0
2007-08-19,2,1,2,0
2007-08-20,4,1,4,0
2007-08-22,2,1,2,0
2007-08-23,2,2,2,0
2007-08-24,1,1,1,0
2007-08-27,2,1,2,1
2007-08-28,1,1,1,0
2007-08-30,1,1,1,0
2007-09-01,3,2,2,1
2007-09-05,1,0,1,0
2007-09-07,1,0,1,0
2007-09-08,2,2,2,0
2007-09-09,1,1,1,0
2007-09-11,3,1,3,0
2007-09-12,1,1,1,0
2007-09-13,1,1,1,0
2007-09-14,1,1,1,0
2007-09-15,1,1,1,0
2007-09-19,1,1,1,0
2007-09-20,1,1,1,0
2007-09-21,1,0,1,0
2007-09-23,1,1,1,0
2007-09-24,2,2,2,0
2007-09-25,1,0,1,0
2007-09-26,1,1,1,0
2007-09-27,3,3,3,0
2007-09-28,2,2,2,0
2007-09-29,1,1,1,0
2007-10-02,3,2,2,0
2007-10-03,1,0,1,0
2007-10-04,1,1,1,0
2007-10-05,1,1,1,0
2007-10-06,1,1,1,0
2007-10-08,2,1,2,0
2007-10-09,1,1,1,0
2007-10-13,1,0,0,0
2007-10-14,1,1,1,0
2007-10-15,3,2,2,0
2007-10-16,3,1,3,0
2007-10-17,4,3,4,0
2007-10-18,2,0,2,0
2007-10-19,1,1,1,0
2007-10-20,2,2,2,0
2007-10-21,3,2,2,0
2007-10-22,2,1,1,0
2007-10-23,2,2,2,0
2007-10-24,3,1,1,0
2007-10-25,1,0,1,0
2007-10-26,2,1,2,0
2007-10-27,1,1,1,0
2007-10-28,2,2,2,0
2007-10-29,2,2,2,1
2007-10-30,2,2,2,0
2007-10-31,2,2,2,0
2007-11-02,2,1,2,0
2007-11-05,3,3,3,0
2007-11-06,4,2,3,0
2007-11-08,1,1,1,0
2007-11-09,1,0,1,0
2007-11-10,1,1,1,0
2007-11-11,5,5,5,0
2007-11-13,2,1,2,1
2007-11-15,1,1,1,0
2007-11-16,1,0,1,0
2007-11-17,4,1,3,0
2007-11-19,2,0,2,0
2007-11-20,1,1,1,0
2007-11-21,1,0,0,0
2007-11-24,1,1,1,0
2007-11-26,1,1,1,0
2007-11-27,1,0,0,0
2007-11-28,1,1,1,0
2007-11-29,4,4,3,0
2007-11-30,1,0,1,0
2007-12-02,1,1,1,0
2007-12-03,2,2,2,0
2007-12-04,2,1,2,0
2007-12-06,1,0,1,0
2007-12-07,5,1,4,0
2007-12-08,1,1,1,0
2007-12-10,4,3,4,0
2007-12-12,4,4,4,1
2007-12-13,2,1,2,0
2007-12-15,1,1,1,0
2007-12-16,2,0,2,0
2007-12-17,1,1,1,0
2007-12-18,1,1,1,0
2007-12-19,3,2,2,1
2007-12-20,3,1,3,0
2007-12-21,3,2,3,1
2007-12-22,1,1,1,0
2007-12-23,3,1,2,0
2007-12-24,1,1,1,0
2007-12-25,5,3,5,0
2007-12-26,2,1,2,0
2007-12-27,2,2,2,0
2007-12-28,2,1,2,0
2007-12-29,1,1,1,0
2007-12-30,1,1,1,0
2007-12-31,1,1,1,0
2008-01-01,2,2,2,0
2008-01-03,2,2,2,0
2008-01-05,1,1,1,0
2008-01-06,1,1,1,0
2008-01-07,2,1,2,0
2008-01-08,3,2,3,0
2008-01-09,5,2,5,0
2008-01-10,4,1,4,0
2008-01-11,1,1,0,0
2008-01-12,1,1,1,0
2008-01-13,2,2,1,0
2008-01-14,3,1,3,0
2008-01-15,2,1,1,0
2008-01-16,2,0,2,0
2008-01-18,3,2,3,0
2008-01-21,2,1,2,0
2008-01-23,2,2,2,0
2008-01-24,1,0,0,0
2008-01-25,3,2,2,0
2008-01-27,1,0,1,0
2008-01-28,1,1,1,1
2008-01-29,1,0,1,0
2008-01-31,2,2,2,0
2008-02-01,2,2,2,0
2008-02-02,1,1,1,0
2008-02-03,1,1,0,0
2008-02-05,4,2,4,0
2008-02-06,1,1,1,0
2008-02-07,1,1,1,0
2008-02-08,1,1,0,0
2008-02-12,1,0,1,0
2008-02-13,1,1,1,0
2008-02-14,1,1,1,0
2008-02-15,2,1,2,0
2008-02-16,2,1,2,0
2008-02-17,1,0,1,0
2008-02-18,4,1,4,0
2008-02-19,4,2,2,0
2008-02-20,1,1,1,1
2008-02-21,1,1,0,0
2008-02-22,1,0,0,0
2008-02-23,1,1,1,0
2008-02-24,1,0,1,0
2008-02-25,2,2,2,0
2008-02-26,2,1,2,0
2008-02-27,2,0,2,0
2008-02-28,2,1,2,0
2008-02-29,1,1,1,0
2008-03-01,1,1,1,0
2008-03-03,1,1,1,0
2008-03-05,1,0,1,0
2008-03-06,1,1,1,0
2008-03-09,1,1,1,1
2008-03-10,2,2,2,0
2008-03-12,2,1,2,0
2008-03-13,6,4,5,1
2008-03-14,2,1,2,0
2008-03-15,1,0,0,0
2008-03-16,1,1,1,0
2008-03-18,1,0,1,0
2008-03-20,1,0,1,0
2008-03-21,3,2,3,0
2008-03-23,1,1,1,0
2008-03-24,3,0,3,0
2008-03-25,1,1,1,0
2008-03-26,4,2,3,0
2008-03-27,1,0,1,0
2008-03-28,3,2,3,0
2008-03-29,1,1,1,0
2008-03-30,1,1,1,0
2008-03-31,3,2,3,0
2008-04-01,2,1,2,0
2008-04-02,3,2,3,0
2008-04-03,2,1,2,0
2008-04-04,2,1,1,0
2008-04-06,2,2,2,0
2008-04-07,2,2,2,0
2008-04-08,3,1,3,0
2008-04-09,4,3,4,0
2008-04-10,1,0,0,0
2008-04-11,2,1,2,0
2008-04-13,1,1,1,0
2008-04-15,1,1,1,0
2008-04-17,3,2,3,0
2008-04-19,1,1,1,0
2008-04-22,1,1,1,0
2008-04-23,2,0,2,0
2008-04-24,1,1,0,0
2008-04-25,3,3,3,1
2008-04-26,1,0,1,0
2008-04-27,2,0,2,0
2008-04-29,1,0,1,0
2008-04-30,2,2,2,0
2008-05-01,4,3,2,1
2008-05-02,1,1,1,0
2008-05-05,2,1,2,0
2008-05-06,1,0,1,0
2008-05-08,1,0,1,0
2008-05-09,2,1,2,0
2008-05-10,3,2,1,0
2008-05-11,1,0,1,0
2008-05-13,1,1,1,0
2008-05-14,3,3,3,1
2008-05-15,3,3,3,0
2008-05-17,2,1,2,0
2008-05-18,3,3,3,0
2008-05-21,1,1,1,0
2008-05-22,1,1,1,0
2008-05-23,2,1,2,0
2008-05-24,1,0,1,0
2008-05-26,2,1,2,0
2008-05-27,1,0,1,0
2008-05-28,1,1,1,0
2008-05-29,1,1,1,0
2008-06-01,1,1,1,0
2008-06-03,1,1,1,0
2008-06-04,2,2,2,0
2008-06-06,2,0,2,0
2008-06-07,1,1,1,0
2008-06-09,1,1,1,0
2008-06-10,4,3,4,0
2008-06-11,1,0,1,0
2008-06-13,1,1,1,0
2008-06-14,3,2,3,0
2008-06-15,1,1,1,0
2008-06-16,2,2,2,0
2008-06-17,2,1,2,0
2008-06-18,1,0,1,0
2008-06-19,1,0,1,0
2008-06-20,2,0,2,0
2008-06-23,1,0,1,0
2008-06-24,2,1,1,0
2008-06-25,1,1,1,0
2008-06-27,1,0,1,0
2008-06-28,4,2,4,0
2008-06-29,2,2,2,0
2008-06-30,5,5,5,0
2008-07-02,2,1,2,1
2008-07-03,2,0,2,0
2008-07-04,3,2,3,0
2008-07-05,2,2,2,0
2008-07-06,1,1,1,0
2008-07-08,2,2,2,0
2008-07-10,2,0,2,0
2008-07-11,5,4,5,1
2008-07-12,1,0,0,0
2008-07-13,2,2,2,0
2008-07-14,3,2,3,0
2008-07-15,2,0,2,0
2008-07-16,1,1,1,0
2008-07-18,1,1,1,0
2008-07-19,1,1,1,0
2008-07-20,2,1,1,0
2008-07-21,1,1,1,0
2008-07-23,1,0,1,0
2008-07-24,1,1,1,0
2008-07-25,5,3,5,0
2008-07-26,1,0,1,0
2008-07-27,2,1,2,0
2008-07-28,1,0,1,0
2008-07-30,2,1,2,0
2008-08-04,1,1,1,0
2008-08-05,3,2,3,0
2008-08-06,4,1,4,0
2008-08-07,1,1,1,0
2008-08-09,3,0,2,0
2008-08-10,1,0,0,0
2008-08-11,1,1,1,0
2008-08-12,1,0,0,0
2008-08-14,1,1,1,0
2008-08-15,2,1,1,0
2008-08-18,1,0,1,0
2008-08-20,1,0,0,0
2008-08-21,1,0,1,0
2008-08-23,1,0,1,0
2008-08-25,2,0,2,0
2008-08-27,1,1,1,0
2008-08-28,1,1,1,0
2008-08-31,1,1,1,0
2008-09-01,3,2,3,0
2008-09-02,3,1,3,0
2008-09-03,1,1,1,0
2008-09-06,1,0,1,0
2008-09-07,1,0,1,0
2008-09-08,2,0,1,0
2008-09-09,1,0,0,0
2008-09-10,1,1,1,1
2008-09-11,1,1,1,0
2008-09-12,2,2,2,0
2008-09-13,1,0,0,0
2008-09-14,1,0,1,0
2008-09-15,1,1,1,0
2008-09-16,1,1,1,0
2008-09-17,2,2,2,0
2008-09-18,2,0,2,0
2008-09-19,1,1,1,0
2008-09-22,2,1,2,0
2008-09-23,2,1,2,0
2008-09-24,3,2,3,0
2008-09-25,1,1,1,0
2008-09-26,1,1,1,0
2008-09-28,1,1,1,0
2008-09-29,4,2,3,0
2008-10-05,3,1,2,0
2008-10-07,1,1,1,0
2008-10-08,2,2,2,0
2008-10-09,1,1,1,0
2008-10-11,2,1,1,0
2008-10-13,2,1,2,0
2008-10-14,2,1,1,0
2008-10-15,1,1,1,0
2008-10-16,1,1,1,0
2008-10-19,2,2,2,0
2008-10-20,2,1,2,0
2008-10-24,1,1,1,0
2008-10-25,1,1,1,0
2008-10-26,1,1,1,0
2008-10-28,1,0,1,0
2008-11-01,1,1,1,0
2008-11-05,1,1,1,0
2008-11-06,1,1,1,0
2008-11-07,1,0,0,0
2008-11-10,1,1,1,0
2008-11-11,1,1,1,1
2008-11-13,2,1,2,0
2008-11-14,2,2,2,0
2008-11-15,1,0,1,0
2008-11-16,3,2,3,0
2008-11-17,1,1,1,0
2008-11-22,4,4,4,0
2008-11-23,1,0,1,0
2008-11-24,1,1,1,0
2008-11-25,5,3,4,1
2008-11-26,2,1,2,0
2008-11-27,1,1,1,0
2008-11-28,1,1,1,0
2008-12-01,1,0,1,0
2008-12-05,1,1,1,0
2008-12-06,1,0,1,0
2008-12-07,1,1,1,0
2008-12-08,2,1,2,0
2008-12-09,3,1,3,0
2008-12-10,3,2,3,0
2008-12-12,1,1,1,0
2008-12-13,1,1,1,0
2008-12-15,2,2,2,1
2008-12-19,1,1,1,0
2008-12-21,2,1,2,0
2008-12-23,1,0,0,0
2008-12-26,1,0,1,0
2008-12-27,1,0,1,0
2008-12-28,1,1,1,0
2008-12-29,1,1,1,0
2008-12-30,1,1,1,0
2009-01-01,1,0,0,0
2009-01-02,3,1,3,0
2009-01-07,1,0,1,0
2009-01-08,2,1,2,1
2009-01-09,2,2,2,0
2009-01-10,1,1,1,0
2009-01-12,2,2,2,0
2009-01-13,1,0,1,0
2009-01-14,1,1,1,0
2009-01-15,1,1,1,0
2009-01-16,1,1,1,0
2009-01-17,2,1,2,0
2009-01-18,1,1,1,0
2009-01-19,3,1,3,0
2009-01-20,3,0,3,0
2009-01-21,2,1,2,0
2009-01-22,2,1,2,0
2009-01-25,4,2,2,0
2009-01-26,2,1,1,0
2009-01-30,2,2,2,0
2009-02-01,1,1,1,0
2009-02-02,1,1,1,1
2009-02-03,1,1,1,0
2009-02-05,1,0,1,0
2009-02-08,1,0,0,0
2009-02-10,2,2,2,0
2009-02-12,1,1,1,0
2009-02-13,3,2,3,0
2009-02-14,1,1,1,0
2009-02-15,1,1,1,0
2009-02-16,2,1,2,0
2009-02-18,1,1,1,0
2009-02-19,1,1,1,0
2009-02-20,2,0,0,0
2009-02-22,2,1,2,0
2009-02-23,1,1,1,0
2009-02-27,1,1,1,0
2009-03-01,1,0,1,0
2009-03-02,2,0,2,0
2009-03-05,2,2,1,0
2009-03-07,2,1,2,0
2009-03-08,3,3,3,0
2009-03-09,1,0,1,0
2009-03-10,1,1,1,0
2009-03-11,1,0,1,0
2009-03-13,1,0,1,0
2009-03-14,3,1,2,0
2009-03-15,2,2,2,0
2009-03-16,3,2,2,0
2009-03-17,2,0,2,0
2009-03-18,2,0,1,0
2009-03-19,1,1,1,0
2009-03-20,1,1,1,0
2009-03-21,1,1,1,0
2009-03-22,1,1,1,0
2009-03-25,4,4,4,0
2009-03-26,3,2,3,0
2009-03-29,2,0,2,0
2009-03-30,5,2,5,0
2009-04-01,2,0,1,0
2009-04-03,1,1,1,0
2009-04-04,4,1,3,0
2009-04-05,2,0,2,0
2009-04-07,1,0,1,0
2009-04-09,2,2,2,0
2009-04-11,2,1,1,0
2009-04-12,2,1,2,0
2009-04-13,2,0,2,0
2009-04-14,1,1,1,0
2009-04-15,1,1,1,0
2009-04-17,1,1,1,0
2009-04-18,1,1,1,0
2009-04-19,1,0,1,0
2009-04-22,3,2,3,0
2009-04-23,1,1,1,1
2009-04-24,1,0,1,0
2009-04-30,2,2,2,0
2009-05-02,1,1,1,0
2009-05-03,2,1,2,0
2009-05-05,1,1,1,1
2009-05-06,2,1,2,0
2009-05-07,1,1,0,0
2009-05-09,1,0,1,0
2009-05-10,1,0,1,0
2009-05-11,1,1,1,0
2009-05-12,4,2,4,0
2009-05-13,1,1,1,0
2009-05-18,3,2,3,2
2009-05-19,3,0,1,0
2009-05-21,2,0,2,0
2009-05-22,2,1,2,1
2009-05-26,1,0,0,0
2009-05-29,3,2,3,0
2009-05-31,2,1,1,1
2009-06-01,3,1,3,0
2009-06-02,1,1,1,0
2009-06-04,3,2,3,0
2009-06-05,2,0,0,0
2009-06-08,5,3,4,0
2009-06-09,2,0,2,0
2009-06-10,1,0,1,0
2009-06-11,1,1,1,0
2009-06-13,3,2,3,0
2009-06-15,1,0,1,0
2009-06-16,3,3,3,0
2009-06-17,1,1,1,0
2009-06-18,3,1,1,0
2009-06-19,1,0,1,0
2009-06-20,3,1,3,0
2009-06-21,1,1,1,0
2009-06-24,1,1,1,0
2009-06-29,1,1,1,1
2009-06-30,2,1,2,0
2009-07-01,3,2,3,1
2009-07-02,1,1,1,1
2009-07-03,1,0,1,0
2009-07-04,1,1,1,0
2009-07-05,1,1,1,0
2009-07-07,1,0,1,0
2009-07-09,1,1,1,0
2009-07-11,1,1,1,1
2009-07-12,1,1,0,1
2009-07-13,1,0,1,0
2009-07-15,1,1,1,0
2009-07-16,1,1,1,1
2009-07-17,1,1,1,0
2009-07-22,1,1,1,1
2009-07-23,2,1,2,0
2009-07-24,1,1,1,0
2009-07-27,5,5,5,0
2009-07-28,3,2,3,1
2009-07-30,3,2,1,0
2009-07-31,4,2,4,1
2009-08-01,1,0,0,0
2009-08-02,1,1,1,0
2009-08-04,1,1,1,0
2009-08-06,3,2,2,0
2009-08-07,1,1,1,0
2009-08-08,2,2,2,0
2009-08-10,4,2,3,0
2009-08-11,3,2,3,1
2009-08-13,1,1,1,0
2009-08-15,1,0,1,0
2009-08-16,1,1,1,1
2009-08-21,3,2,3,0
2009-08-22,3,1,3,0
2009-08-24,1,0,0,0
2009-08-25,1,1,1,0
2009-08-26,1,1,1,0
2009-08-27,2,1,2,0
2009-08-30,1,0,1,0
2009-08-31,2,1,2,0
2009-09-01,1,1,1,0
2009-09-04,3,1,2,0
2009-09-05,2,0,0,0
2009-09-09,2,1,2,0
2009-09-10,2,0,2,0
2009-09-13,3,2,3,0
2009-09-17,1,0,1,0
2009-09-19,2,2,2,1
2009-09-20,2,1,2,0
2009-09-22,1,0,1,0
2009-09-23,1,1,1,0
2009-09-24,1,1,1,0
2009-09-28,1,1,1,0
2009-09-30,1,1,1,0
2009-10-01,3,2,2,0
2009-10-02,1,1,1,0
2009-10-03,1,1,0,1
2009-10-04,1,1,1,0
2009-10-05,1,0,1,0
2009-10-06,1,1,1,0
2009-10-09,1,1,1,0
2009-10-10,1,1,1,0
2009-10-16,1,1,1,0
2009-10-18,2,1,2,0
2009-10-19,2,1,2,1
2009-10-25,1,1,1,0
2009-10-26,1,1,1,0
2009-10-28,1,1,1,0
2009-11-01,1,1,1,0
2009-11-02,2,1,2,0
2009-11-03,1,0,1,0
2009-11-05,1,0,1,0
2009-11-06,2,1,2,0
2009-11-07,2,2,2,0
2009-11-11,1,1,0,1
2009-11-13,2,2,2,1
2009-11-15,1,1,1,0
2009-11-16,2,0,1,0
2009-11-17,1,0,1,0
2009-11-18,1,0,1,0
2009-11-19,3,2,3,0
2009-11-20,2,1,2,1
2009-11-21,1,1,1,0
2009-11-22,2,0,2,0
2009-11-23,1,1,1,0
2009-11-25,1,0,1,0
2009-11-27,4,3,4,0
2009-12-02,4,4,3,0
2009-12-04,1,0,1,0
2009-12-05,1,1,1,0
2009-12-07,1,1,1,0
2009-12-08,2,1,2,0
2009-12-09,1,0,1,0
2009-12-12,2,1,2,0
2009-12-13,1,1,1,0
2009-12-14,2,2,2,0
2009-12-15,1,0,1,0
2009-12-16,1,0,1,0
2009-12-18,1,1,1,0
2009-12-20,2,2,2,1
2009-12-21,1,1,1,0
2009-12-25,1,1,1,0
2009-12-29,1,1,1,0
2009-12-31,1,1,1,0
2010-01-01,4,3,4,1
2010-01-07,1,0,0,0
2010-01-09,2,2,1,0
2010-01-10,2,1,2,1
2010-01-16,1,0,1,0
2010-01-18,1,0,1,0
2010-01-19,2,0,1,0
2010-01-21,1,1,1,0
2010-01-25,2,0,1,0
2010-01-27,2,1,1,0
2010-01-29,1,1,1,0
2010-02-01,1,0,1,0
2010-02-05,1,1,1,0
2010-02-07,3,1,2,0
2010-02-08,1,1,1,0
2010-02-09,1,0,1,0
2010-02-16,2,2,2,0
2010-02-18,2,0,2,0
2010-02-19,3,2,3,0
2010-02-20,2,1,2,0
2010-02-21,1,1,1,0
2010-02-24,1,0,1,0
2010-02-26,1,0,1,0
2010-03-01,1,0,1,0
2010-03-02,1,1,1,0
2010-03-03,1,1,1,0
2010-03-05,3,1,2,0
2010-03-07,1,1,1,0
2010-03-09,3,1,1,0
2010-03-10,2,1,2,0
2010-03-11,2,2,2,0
2010-03-16,1,0,1,0
2010-03-18,2,1,2,0
2010-03-22,1,1,1,0
2010-03-25,1,0,1,0
2010-03-27,1,0,0,0
2010-03-28,2,1,2,0
2010-03-29,1,1,1,1
2010-03-30,2,1,2,0
2010-03-31,2,2,2,0
2010-04-03,1,0,1,0
2010-04-06,1,1,1,0
2010-04-07,1,1,1,0
2010-04-08,2,2,1,0
2010-04-10,1,1,1,0
2010-04-12,1,0,1,0
2010-04-13,2,2,2,0
2010-04-14,2,1,2,1
2010-04-15,1,0,1,0
2010-04-19,1,0,0,0
2010-04-21,2,1,1,0
2010-04-24,3,1,1,0
2010-04-25,1,0,1,0
2010-04-28,1,1,1,0
2010-04-29,3,3,3,0
2010-04-30,1,1,1,0
2010-05-02,2,2,1,0
2010-05-03,1,0,1,0
2010-05-04,3,1,3,0
2010-05-05,1,0,1,0
2010-05-06,2,1,2,0
2010-05-09,1,0,1,0
2010-05-10,2,1,2,0
2010-05-11,3,1,2,0
2010-05-12,2,2,2,0
2010-05-14,2,2,2,0
2010-05-15,1,0,1,0
2010-05-18,1,1,1,0
2010-05-22,1,1,1,0
2010-05-25,2,2,1,1
2010-05-27,2,2,2,0
2010-05-28,1,1,1,0
2010-05-30,1,0,1,0
2010-05-31,1,0,1,0
2010-06-02,1,0,0,0
2010-06-04,1,0,1,0
2010-06-05,2,1,2,0
2010-06-06,1,0,1,0
2010-06-07,1,1,1,0
2010-06-08,3,2,3,1
2010-06-09,1,1,1,0
2010-06-10,2,0,1,0
2010-06-11,1,1,1,0
2010-06-12,5,4,4,1
2010-06-13,1,0,1,0
2010-06-14,2,1,1,1
2010-06-16,2,2,2,0
2010-06-17,1,0,1,0
2010-06-19,1,1,1,0
2010-06-20,1,1,1,0
2010-06-21,2,1,2,0
2010-06-23,2,2,2,1
2010-06-24,2,1,2,0
2010-06-26,1,1,1,0
2010-07-03,4,3,4,0
2010-07-04,1,1,0,0
2010-07-07,1,1,1,1
2010-07-11,1,1,1,0
2010-07-12,1,1,1,0
2010-07-13,1,0,1,0
2010-07-15,2,1,2,0
2010-07-17,2,2,2,0
2010-07-18,2,1,2,0
2010-07-20,1,1,1,0
2010-07-21,2,2,2,1
2010-07-22,1,0,1,0
2010-07-25,2,1,2,0
2010-07-26,1,0,1,0
2010-07-27,1,0,1,0
2010-07-28,1,1,0,0
2010-07-29,1,1,1,0
2010-07-30,2,2,2,1
2010-08-03,1,1,1,0
2010-08-05,1,1,1,0
2010-08-06,1,1,1,0
2010-08-08,3,2,3,0
2010-08-09,1,1,1,0
2010-08-11,2,0,2,0
2010-08-12,1,1,1,0
2010-08-14,1,0,0,0
2010-08-15,1,1,1,0
2010-08-17,1,0,0,0
2010-08-18,1,1,1,0
2010-08-20,1,1,1,0
2010-08-21,1,1,1,0
2010-08-22,2,2,2,0
2010-08-23,1,0,1,0
2010-08-25,1,0,1,0
2010-08-26,1,0,1,0
2010-08-27,1,1,1,0
2010-09-01,2,2,2,0
2010-09-05,3,2,2,0
2010-09-06,1,1,1,0
2010-09-08,2,1,1,0
2010-09-10,4,3,3,2
2010-09-11,1,1,1,1
2010-09-12,1,1,1,0
2010-09-13,2,2,2,2
2010-09-14,1,1,1,0
2010-09-15,2,0,2,0
2010-09-16,1,1,1,0
2010-09-17,2,2,2,1
2010-09-18,1,1,1,0
2010-09-19,2,0,2,0
2010-09-21,1,1,1,0
2010-09-24,1,1,1,0
2010-09-26,2,2,2,0
2010-09-27,4,2,2,0
2010-09-30,1,0,1,0
2010-10-01,2,0,2,0
2010-10-02,2,1,2,0
2010-10-04,1,0,1,0
2010-10-05,1,0,0,0
2010-10-06,1,1,1,0
2010-10-08,1,0,1,0
2010-10-10,1,0,1,0
2010-10-15,1,1,1,0
2010-10-17,2,1,2,0
2010-10-18,1,0,1,0
2010-10-19,2,1,2,0
2010-10-21,1,0,1,0
2010-10-22,1,1,1,0
2010-10-24,1,0,0,0
2010-10-25,2,1,2,0
2010-10-28,1,0,1,0
2010-10-30,1,0,1,0
2010-10-31,2,0,1,0
2010-11-01,1,1,1,0
2010-11-05,3,2,3,0
2010-11-06,1,1,1,0
2010-11-11,3,3,3,0
2010-11-12,4,4,4,2
2010-11-13,1,0,1,0
2010-11-17,1,0,1,0
2010-11-18,3,1,3,1
2010-11-19,1,1,1,0
2010-11-21,2,0,1,0
2010-11-22,2,1,2,0
2010-11-24,1,0,1,0
2010-11-25,1,1,1,0
2010-11-27,1,1,1,0
2010-12-02,1,1,1,0
2010-12-03,3,1,3,0
2010-12-04,2,0,2,0
2010-12-05,1,0,1,0
2010-12-07,3,3,3,0
2010-12-08,1,0,0,0
2010-12-14,1,1,1,0
2010-12-15,2,0,2,0
2010-12-21,2,2,2,0
2010-12-23,1,1,1,0
2010-12-24,1,1,1,0
2010-12-25,1,1,1,0
2010-12-26,3,0,3,0
2010-12-27,1,0,1,0
2010-12-28,1,0,1,0
2010-12-31,1,1,1,1
2011-01-01,4,3,4,0
2011-01-02,1,0,1,0
2011-01-03,2,2,2,0
2011-01-06,1,0,1,0
2011-01-07,2,2,2,0
2011-01-08,5,3,5,0
2011-01-10,1,0,1,0
2011-01-11,1,1,1,0
2011-01-12,1,0,1,0
2011-01-15,2,2,2,0
2011-01-16,1,1,1,0
2011-01-17,2,2,2,0
2011-01-18,1,1,1,1
2011-01-20,1,0,1,0
2011-01-25,1,1,1,0
2011-01-26,1,0,1,0
2011-01-27,1,0,1,0
2011-01-28,1,1,1,1
2011-01-31,2,1,2,0
2011-02-01,2,1,2,0
2011-02-02,3,1,2,0
2011-02-04,1,1,1,0
2011-02-07,1,0,1,0
2011-02-09,2,2,2,0
2011-02-10,1,1,1,0
2011-02-11,2,1,2,0
2011-02-13,1,1,1,1
2011-02-14,1,1,1,0
2011-02-19,1,0,1,0
2011-02-24,2,2,2,0
2011-02-25,1,1,1,1
2011-02-26,1,1,1,0
2011-03-04,1,1,1,0
2011-03-05,2,1,1,0
2011-03-10,1,1,1,1
2011-03-11,2,1,2,0
2011-03-12,4,2,2,0
2011-03-13,1,1,1,0
2011-03-15,2,2,0,0
2011-03-17,1,0,1,0
2011-03-18,1,1,1,0
2011-03-20,1,1,1,0
2011-03-22,1,1,1,0
2011-03-23,1,1,1,0
2011-03-24,1,1,1,1
2011-03-28,1,1,1,1
2011-03-29,1,0,1,0
2011-03-31,1,0,1,0
2011-04-02,1,1,1,0
2011-04-03,1,1,1,0
2011-04-04,1,0,0,0
2011-04-05,2,1,0,1
2011-04-09,1,1,1,1
2011-04-10,2,1,2,0
2011-04-11,2,1,2,0
2011-04-13,1,1,1,1
2011-04-14,1,1,0,0
2011-04-15,1,1,1,0
2011-04-17,1,1,1,0
2011-04-18,1,1,1,0
2011-04-20,3,2,3,1
2011-04-23,4,1,4,0
2011-04-24,1,1,1,0
2011-04-25,2,2,2,0
2011-04-28,1,1,1,0
2011-05-02,3,3,3,2
2011-05-03,1,1,1,0
2011-05-05,3,2,3,0
2011-05-07,1,1,1,1
2011-05-08,1,0,1,0
2011-05-10,1,1,1,0
2011-05-11,1,1,1,1
2011-05-14,2,2,2,0
2011-05-17,3,3,3,0
2011-05-20,1,1,1,0
2011-05-21,2,1,2,0
2011-05-22,2,2,2,0
2011-05-23,1,1,1,0
2011-05-25,1,1,1,0
2011-05-27,1,1,1,0
2011-05-29,1,1,1,1
2011-05-30,1,0,1,0
2011-06-01,1,1,1,0
2011-06-02,1,0,1,0
2011-06-03,1,1,1,0
2011-06-04,1,1,1,0
2011-06-05,1,1,1,0
2011-06-07,1,0,1,0
2011-06-10,3,3,3,0
2011-06-11,1,1,1,0
2011-06-12,1,1,1,0
2011-06-13,2,2,2,0
2011-06-14,1,0,1,0
2011-06-15,2,1,2,0
2011-06-16,1,1,1,0
2011-06-19,1,1,1,0
2011-06-20,1,1,1,0
2011-06-22,2,2,1,0
2011-06-25,1,1,1,1
2011-06-26,1,1,1,1
2011-06-27,1,0,1,0
2011-06-28,1,0,0,0
2011-07-03,1,1,1,0
2011-07-06,1,0,1,0
2011-07-07,2,2,2,0
2011-07-08,1,0,1,0
2011-07-09,2,1,2,0
2011-07-11,1,1,1,0
2011-07-13,2,1,2,0
2011-07-18,2,1,2,0
2011-07-20,2,1,2,0
2011-07-21,3,1,3,0
2011-07-22,1,0,1,0
2011-07-24,1,0,1,0
2011-07-25,1,0,1,0
2011-07-26,1,0,1,0
2011-07-30,1,1,1,0
2011-08-03,1,0,1,0
2011-08-04,1,0,1,0
2011-08-06,1,0,1,0
2011-08-09,1,1,1,0
2011-08-10,1,1,1,0
2011-08-11,2,2,1,0
2011-08-13,2,1,2,0
2011-08-15,1,0,1,0
2011-08-16,3,3,3,0
2011-08-17,2,2,2,1
2011-08-18,1,1,1,0
2011-08-19,2,1,2,0
2011-08-20,1,0,1,0
2011-08-21,1,1,1,0
2011-08-22,1,1,0,1
2011-08-24,2,0,2,0
2011-08-26,1,1,1,0
2011-08-27,1,1,1,0
2011-08-29,2,2,2,1
2011-08-31,2,1,2,0
2011-09-02,2,2,2,0
2011-09-05,1,0,1,0
2011-09-07,2,2,2,0
2011-09-08,1,1,0,0
2011-09-09,3,2,3,0
2011-09-10,2,2,2,1
2011-09-12,2,2,2,0
2011-09-13,2,2,2,0
2011-09-14,1,1,1,0
2011-09-16,2,1,1,0
2011-09-17,1,0,1,0
2011-09-18,1,0,1,0
2011-09-19,1,0,1,0
2011-09-21,2,1,2,0
2011-09-22,2,2,2,0
2011-09-23,1,0,1,0
2011-09-24,2,2,2,1
2011-09-25,1,0,1,0
2011-09-26,3,1,3,0
2011-09-27,4,4,4,0
2011-09-28,2,2,2,0
2011-09-29,1,1,1,0
2011-10-01,2,2,2,1
2011-10-02,1,1,1,0
2011-10-06,1,0,1,0
2011-10-07,1,0,1,0
2011-10-08,1,1,1,0
2011-10-09,1,0,1,0
2011-10-10,1,1,1,0
2011-10-11,1,0,1,0
2011-10-12,1,1,1,0
2011-10-13,2,2,2,0
2011-10-14,1,1,1,0
2011-10-17,1,1,1,0
2011-10-19,1,0,1,0
2011-10-20,2,1,2,1
2011-10-23,2,2,2,2
2011-10-25,2,1,2,0
2011-10-26,1,0,1,0
2011-10-27,2,1,2,0
2011-10-28,1,1,1,1
2011-10-29,2,1,2,0
2011-11-01,1,1,1,0
2011-11-02,1,0,1,0
2011-11-04,3,3,3,0
2011-11-05,1,0,1,0
2011-11-08,1,0,1,0
2011-11-10,1,1,1,0
2011-11-11,1,1,1,0
2011-11-12,5,4,5,1
2011-11-13,1,0,1,0
2011-11-14,1,1,1,0
2011-11-15,3,3,3,0
2011-11-16,2,2,2,0
2011-11-17,1,1,1,0
2011-11-19,1,1,1,1
2011-11-20,1,1,1,0
2011-11-23,1,1,1,0
2011-11-24,2,1,2,0
2011-11-25,1,1,1,0
2011-11-26,3,2,2,0
2011-11-27,2,1,2,1
2011-11-29,1,1,1,0
2011-11-30,1,1,1,0
2011-12-02,1,0,1,0
2011-12-03,1,0,0,0
2011-12-04,4,3,4,0
2011-12-05,2,0,2,0
2011-12-06,2,1,1,0
2011-12-07,2,2,2,0
2011-12-09,1,1,1,0
2011-12-10,2,2,2,1
2011-12-11,1,1,1,0
2011-12-12,5,4,5,0
2011-12-13,1,0,1,0
2011-12-14,1,1,1,0
2011-12-15,6,3,6,0
2011-12-16,1,1,1,0
2011-12-17,1,1,1,0
2011-12-19,1,0,1,0
2011-12-21,3,2,3,0
2011-12-24,1,1,1,0
2011-12-25,2,0,2,0
2011-12-27,1,1,1,0
2011-12-30,1,1,1,1
2011-12-31,2,2,2,0
2012-01-01,3,2,1,1
2012-01-03,3,2,2,0
2012-01-04,3,2,3,0
2012-01-05,1,1,1,0
2012-01-06,1,1,0,1
2012-01-08,1,1,1,0
2012-01-11,1,1,1,0
2012-01-12,2,2,2,0
2012-01-15,1,1,1,0
2012-01-16,1,1,1,0
2012-01-17,1,1,1,0
2012-01-18,3,3,3,0
2012-01-19,1,1,1,0
2012-01-21,2,2,2,0
2012-01-22,3,2,2,0
2012-01-23,2,2,2,0
2012-01-25,1,1,1,0
2012-01-26,1,1,1,1
2012-01-29,2,1,2,1
2012-01-30,1,0,1,0
2012-01-31,1,0,1,0
2012-02-02,1,0,1,0
2012-02-03,1,1,1,0
2012-02-06,1,1,1,0
2012-02-07,2,1,2,0
2012-02-11,1,1,1,0
2012-02-13,2,1,1,0
2012-02-14,3,3,3,1
2012-02-15,1,1,1,0
2012-02-16,1,1,1,0
2012-02-19,1,1,1,0
2012-02-20,3,3,3,0
2012-02-21,1,1,1,0
2012-02-23,1,1,1,0
2012-02-27,1,1,1,0
2012-02-28,1,1,1,0
2012-03-02,1,1,1,0
2012-03-03,2,1,2,0
2012-03-04,2,2,2,1
2012-03-06,1,0,1,0
2012-03-07,1,0,1,0
2012-03-09,1,1,1,0
2012-03-10,1,1,0,0
2012-03-11,2,2,2,0
2012-03-13,1,0,1,0
2012-03-14,2,2,2,0
2012-03-19,2,2,2,0
2012-03-20,2,2,2,0
2012-03-21,1,1,1,0
2012-03-22,2,2,2,0
2012-03-24,1,1,1,0
2012-03-26,1,1,1,0
2012-03-27,1,1,1,0
2012-03-28,2,1,2,0
2012-03-29,1,0,1,0
2012-04-04,1,0,1,0
2012-04-08,1,1,1,0
2012-04-09,1,0,1,0
2012-04-11,1,0,1,0
2012-04-12,1,1,1,0
2012-04-15,1,0,1,0
2012-04-16,1,0,1,0
2012-04-19,1,0,1,0
2012-04-20,1,1,1,0
2012-04-21,2,2,2,2
2012-04-23,1,1,1,0
2012-04-24,2,0,2,0
2012-04-25,1,1,1,0
2012-04-27,2,2,2,0
2012-04-29,1,1,1,0
2012-04-30,1,1,1,0
2012-05-01,2,1,2,0
2012-05-02,1,1,1,0
2012-05-03,1,1,1,0
2012-05-04,1,1,1,0
2012-05-05,2,2,2,0
2012-05-06,1,1,1,0
2012-05-07,1,1,1,0
2012-05-09,2,2,2,1
2012-05-10,4,4,4,0
2012-05-14,2,2,2,0
2012-05-15,1,0,0,0
2012-05-17,2,2,2,1
2012-05-18,1,0,1,0
2012-05-19,1,1,1,0
2012-05-20,1,1,1,0
2012-05-21,3,2,3,0
2012-05-22,1,1,1,0
2012-05-23,1,1,1,0
2012-05-24,1,1,1,0
2012-05-25,3,2,2,1
2012-05-26,1,1,1,0
2012-05-31,1,1,1,0
2012-06-01,3,3,3,0
2012-06-03,1,1,1,0
2012-06-05,2,1,1,0
2012-06-06,2,1,2,1
2012-06-07,2,2,2,0
2012-06-10,3,1,3,0
2012-06-13,4,3,3,0
2012-06-14,1,1,1,0
2012-06-15,3,3,2,0
2012-06-16,3,3,3,0
2012-06-17,1,1,1,0
2012-06-18,1,1,1,0
2012-06-19,3,1,3,0
2012-06-22,2,2,1,0
2012-06-23,1,0,1,0
2012-06-28,1,1,1,0
2012-07-01,1,1,1,0
2012-07-03,3,2,3,0
2012-07-06,2,2,2,1
2012-07-07,3,3,2,1
2012-07-09,1,1,1,0
2012-07-10,3,3,3,0
2012-07-11,2,0,2,0
2012-07-12,2,0,1,0
2012-07-13,2,1,1,0
2012-07-14,3,3,3,1
2012-07-15,1,1,1,1
2012-07-20,1,1,1,0
2012-07-21,1,1,1,0
2012-07-24,1,1,1,0
2012-07-25,1,1,1,0
2012-07-26,2,2,2,0
2012-07-27,3,2,3,0
2012-07-29,3,3,3,0
2012-07-30,1,0,1,0
2012-08-01,6,5,6,1
2012-08-02,2,1,2,1
2012-08-04,3,1,3,0
2012-08-05,1,1,1,0
2012-08-06,2,1,2,0
2012-08-11,2,1,2,0
2012-08-12,1,1,1,0
2012-08-13,3,2,3,0
2012-08-16,1,1,1,0
2012-08-17,3,1,2,0
2012-08-18,1,1,1,0
2012-08-22,1,0,1,0
2012-08-24,1,1,1,1
2012-08-25,2,0,1,0
2012-08-26,1,1,1,0
2012-08-28,2,2,2,1
2012-08-30,1,1,1,0
2012-08-31,1,0,1,0
2012-09-01,2,2,2,1
2012-09-02,4,1,4,0
2012-09-07,2,2,2,0
2012-09-11,2,1,2,0
2012-09-12,2,2,2,0
2012-09-13,1,1,1,0
2012-09-14,1,1,1,0
2012-09-15,1,0,1,0
2012-09-16,2,2,2,0
2012-09-17,1,0,1,0
2012-09-18,1,1,1,0
2012-09-20,1,1,1,0
2012-09-21,1,1,0,0
2012-09-23,1,1,1,0
2012-09-25,1,0,1,0
2012-09-28,1,0,0,0
2012-10-01,1,0,0,0
2012-10-02,2,1,1,0
2012-10-03,2,0,1,0
2012-10-04,1,1,1,0
2012-10-06,1,0,1,0
2012-10-07,2,2,2,0
2012-10-09,1,0,0,0
2012-10-12,1,1,1,0
2012-10-14,2,2,2,0
2012-10-15,1,0,0,0
2012-10-16,2,0,2,0
2012-10-17,1,1,1,0
2012-10-18,3,2,3,1
2012-10-20,1,1,1,0
2012-10-22,2,2,2,0
2012-10-23,1,1,1,0
2012-10-25,3,3,3,0
2012-10-26,2,1,2,0
2012-10-28,1,0,0,0
2012-10-30,1,1,1,0
2012-11-01,1,0,1,0
2012-11-02,1,1,1,0
2012-11-03,1,0,1,0
2012-11-05,3,2,3,0
2012-11-06,1,1,1,0
2012-11-08,2,0,2,0
2012-11-09,3,2,3,0
2012-11-13,1,1,1,0
2012-11-14,2,1,1,0
2012-11-17,1,1,1,0
2012-11-18,1,0,0,0
2012-11-20,1,1,1,0
2012-11-21,1,1,1,0
2012-11-25,1,0,0,0
2012-11-26,1,1,1,1
2012-11-29,1,1,1,0
2012-12-01,1,1,1,0
2012-12-04,1,0,1,0
2012-12-05,1,1,1,0
2012-12-06,1,1,1,0
2012-12-08,3,3,2,0
2012-12-11,1,0,0,0
2012-12-12,1,1,1,0
2012-12-17,1,0,1,0
2012-12-19,2,2,1,1
2012-12-20,1,1,1,0
2012-12-23,2,2,2,0
2012-12-24,1,0,0,0
2012-12-25,1,1,1,1
2012-12-26,1,0,1,0
2012-12-28,3,3,3,1
2012-12-30,1,1,1,1
2013-01-01,2,0,2,0
2013-01-02,1,1,1,0
2013-01-03,1,1,1,1
2013-01-08,1,0,1,0
2013-01-09,1,1,1,0
2013-01-10,1,1,1,0
2013-01-11,1,1,1,1
2013-01-12,2,1,2,0
2013-01-14,3,1,3,0
2013-01-17,1,1,1,0
2013-01-20,1,0,1,0
2013-01-23,1,1,1,0
2013-01-27,1,0,1,0
2013-01-28,3,2,3,0
2013-01-29,1,1,1,0
2013-01-30,1,0,1,0
2013-02-01,2,2,2,0
2013-02-04,2,1,2,0
2013-02-05,1,0,1,0
2013-02-09,2,2,2,0
2013-02-10,1,1,1,0
2013-02-14,2,2,2,1
2013-02-15,1,1,1,0
2013-02-16,1,0,0,0
2013-02-17,2,1,2,0
2013-02-21,2,2,2,1
2013-02-24,1,0,1,0
2013-02-25,4,2,3,0
2013-02-26,2,2,2,0
2013-02-27,3,1,3,0
2013-02-28,2,2,2,0
2013-03-02,3,2,3,0
2013-03-03,1,0,1,0
2013-03-04,3,1,3,0
2013-03-05,1,1,1,1
2013-03-07,3,2,3,1
2013-03-08,3,2,3,0
2013-03-09,1,0,1,0
2013-03-10,1,0,1,0
2013-03-11,1,0,1,0
2013-03-13,3,3,3,0
2013-03-14,4,3,4,0
2013-03-15,2,1,2,0
2013-03-18,2,1,1,0
2013-03-19,1,1,1,0
2013-03-21,2,0,1,0
2013-03-24,1,1,1,0
2013-03-25,3,2,3,0
2013-03-26,1,1,1,0
2013-03-28,1,1,1,0
2013-04-02,2,1,2,0
2013-04-03,2,0,1,0
2013-04-06,1,1,1,1
2013-04-07,2,0,2,0
2013-04-08,2,2,1,0
2013-04-10,3,2,2,0
2013-04-13,1,0,0,0
2013-04-14,2,2,2,0
2013-04-15,2,2,2,0
2013-04-18,1,1,1,0
2013-04-19,3,3,3,0
2013-04-21,1,0,1,0
2013-04-22,1,0,1,0
2013-04-23,1,1,1,1
2013-04-26,1,0,1,0
2013-04-27,1,0,1,0
2013-05-01,2,2,2,0
2013-05-02,2,1,2,0
2013-05-06,2,2,1,1
2013-05-07,1,1,1,0
2013-05-10,1,0,0,0
2013-05-13,1,1,1,0
2013-05-14,2,0,1,0
2013-05-16,2,2,2,0
2013-05-19,1,1,1,1
2013-05-21,2,1,2,0
2013-05-22,2,2,2,0
2013-05-23,4,2,3,0
2013-05-24,1,1,1,0
2013-05-25,1,1,1,0
2013-05-28,2,2,2,1
2013-05-29,1,1,1,0
2013-05-30,1,0,1,0
2013-05-31,1,1,1,0
2013-06-01,4,4,4,0
2013-06-02,1,1,1,0
2013-06-03,1,1,1,0
2013-06-04,1,1,1,0
2013-06-05,1,1,1,0
2013-06-06,1,0,1,0
2013-06-07,1,1,1,0
2013-06-08,1,0,1,0
2013-06-10,2,0,2,0
2013-06-12,1,1,1,0
2013-06-14,2,2,2,0
2013-06-15,2,0,2,0
2013-06-16,3,2,3,1
2013-06-17,3,2,3,0
2013-06-18,2,2,2,0
2013-06-20,1,0,0,0
2013-06-21,1,1,1,0
2013-06-22,1,0,1,0
2013-06-23,5,5,5,1
2013-06-25,1,1,1,0
2013-06-26,1,1,1,0
2013-06-28,2,2,2,1
2013-06-29,2,2,2,0
2013-07-01,3,3,3,0
2013-07-04,1,1,1,0
2013-07-05,1,1,1,1
2013-07-06,1,0,1,0
2013-07-08,1,1,1,0
2013-07-09,2,1,2,0
2013-07-10,3,2,3,0
2013-07-11,2,2,2,0
2013-07-14,1,1,1,0
2013-07-16,2,1,2,0
2013-07-18,3,1,2,0
2013-07-19,1,0,1,0
2013-07-20,1,1,1,0
2013-07-21,2,2,2,0
2013-07-22,2,2,2,1
2013-07-25,1,1,1,0
2013-07-27,1,1,1,0
2013-07-28,1,1,1,1
2013-07-29,1,1,1,0
2013-07-30,2,1,2,1
2013-07-31,1,1,1,0
2013-08-01,2,2,2,1
2013-08-02,2,2,2,1
2013-08-05,2,2,2,0
2013-08-06,3,2,3,1
2013-08-07,2,1,2,0
2013-08-09,1,1,1,0
2013-08-10,1,1,1,0
2013-08-11,1,1,1,0
2013-08-12,1,1,1,0
2013-08-14,2,2,2,0
2013-08-15,3,3,3,1
2013-08-17,2,1,2,0
2013-08-18,2,2,2,0
2013-08-19,1,1,1,0
2013-08-21,1,1,1,0
2013-08-23,1,1,1,0
2013-08-27,1,1,1,0
2013-09-01,2,2,2,0
2013-09-02,2,2,1,1
2013-09-04,1,0,1,0
2013-09-09,2,2,2,0
2013-09-10,3,1,2,0
2013-09-13,1,0,1,0
2013-09-16,4,1,4,0
2013-09-18,2,1,2,1
2013-09-19,1,1,1,0
2013-09-20,1,0,1,0
2013-09-21,1,1,1,1
2013-09-22,1,1,1,0
2013-09-23,2,2,2,0
2013-09-25,1,1,1,0
2013-09-26,1,1,1,1
2013-09-28,1,0,1,0
2013-10-01,1,1,1,0
2013-10-03,1,0,1,0
2013-10-04,1,0,1,0
2013-10-05,2,0,1,0
2013-10-07,2,1,2,0
2013-10-10,1,1,1,0
2013-10-12,1,0,0,0
2013-10-14,2,1,1,0
2013-10-15,1,1,1,0
2013-10-16,1,0,0,0
2013-10-17,3,3,2,0
2013-10-22,1,0,1,0
2013-10-28,1,1,1,0
2013-10-30,1,1,1,0
2013-11-01,1,1,1,0
2013-11-03,1,1,1,0
2013-11-04,1,1,1,0
2013-11-05,2,2,2,0
2013-11-06,1,1,1,0
2013-11-07,2,2,2,0
2013-11-08,1,1,1,1
2013-11-09,1,1,1,0
2013-11-10,1,0,0,0
2013-11-11,1,0,1,0
2013-11-12,2,2,2,0
2013-11-13,1,1,1,0
2013-11-15,3,1,3,0
2013-11-16,3,3,3,0
2013-11-17,1,0,0,0
2013-11-18,2,2,2,0
2013-11-20,2,2,2,0
2013-11-21,1,1,1,1
2013-11-24,1,0,0,0
2013-11-25,2,2,2,1
2013-11-28,3,3,3,0
2013-11-29,1,1,1,0
2013-12-02,1,0,1,0
2013-12-03,1,1,1,0
2013-12-05,2,1,2,1
2013-12-08,1,1,1,0
2013-12-10,2,1,2,0
2013-12-11,3,2,3,0
2013-12-13,2,2,2,0
2013-12-14,2,2,2,1
2013-12-15,2,1,2,0
2013-12-16,1,1,1,0
2013-12-18,1,1,1,0
2013-12-19,1,1,1,0
2013-12-20,2,2,2,1
2013-12-21,1,1,1,0
2013-12-22,2,1,1,0
2013-12-24,1,1,1,0
2013-12-25,2,0,1,0
2013-12-26,1,1,1,0
2013-12-27,3,0,2,0
2013-12-29,5,5,5,0
2013-12-30,1,1,1,0
2014-01-01,2,0,1,0
2014-01-02,2,0,2,0
2014-01-05,1,0,0,0
2014-01-06,1,1,1,0
2014-01-08,1,0,1,0
2014-01-09,2,1,2,0
2014-01-11,2,0,2,0
2014-01-12,1,1,1,0
2014-01-13,1,1,1,0
2014-01-19,2,2,2,0
2014-01-20,2,1,1,0
2014-01-21,3,0,2,0
2014-01-23,2,2,2,0
2014-01-24,1,1,1,0
2014-01-25,1,1,1,1
2014-01-26,1,0,0,0
2014-01-27,2,2,2,0
2014-01-28,3,2,3,0
2014-02-02,1,0,1,0
2014-02-03,1,0,1,0
2014-02-05,2,2,1,0
2014-02-06,1,0,1,0
2014-02-07,1,0,1,0
2014-02-08,1,1,1,0
2014-02-09,1,1,1,0
2014-02-10,2,0,2,0
2014-02-11,2,0,2,0
2014-02-12,3,2,2,0
2014-02-13,1,0,1,0
2014-02-14,3,2,2,0
2014-02-16,2,2,2,0
2014-02-17,3,1,3,0
2014-02-18,1,1,1,0
2014-02-20,1,0,1,0
2014-02-21,1,0,0,0
2014-02-22,2,1,1,0
2014-02-24,1,1,1,0
2014-02-27,1,0,1,0
2014-02-28,2,1,2,0
2014-03-03,2,1,1,0
2014-03-10,1,0,1,0
2014-03-11,1,0,1,0
2014-03-12,2,0,1,0
2014-03-14,1,0,1,0
2014-03-19,3,1,3,0
2014-03-20,2,1,2,0
2014-03-21,2,2,2,1
2014-03-23,3,3,3,0
2014-03-25,1,0,0,0
2014-04-01,1,1,1,0
2014-04-03,1,0,1,0
2014-04-06,1,1,1,0
2014-04-07,2,2,2,0
2014-04-08,1,0,1,0
2014-04-11,2,1,2,0
2014-04-12,2,1,2,0
2014-04-13,1,0,1,0
2014-04-14,1,0,1,0
2014-04-15,2,2,2,1
2014-04-16,1,0,1,0
2014-04-17,1,0,1,0
2014-04-18,2,2,2,0
2014-04-20,2,2,2,0
2014-04-21,1,0,1,0
2014-04-22,1,1,1,0
2014-04-23,1,1,1,0
2014-04-24,2,1,2,0
2014-04-27,3,3,3,0
2014-04-29,2,2,2,0
2014-05-01,2,2,2,0
2014-05-02,1,1,1,0
2014-05-04,2,2,2,1
2014-05-05,1,1,1,0
2014-05-07,1,0,1,0
2014-05-08,1,0,1,0
2014-05-10,3,3,3,0
2014-05-12,1,1,1,0
2014-05-13,1,0,1,0
2014-05-14,1,0,1,0
2014-05-15,2,1,2,0
2014-05-18,1,0,1,0
2014-05-20,1,1,1,0
2014-05-21,1,0,1,0
2014-05-24,2,1,2,0
2014-05-27,1,0,1,0
2014-05-30,1,1,1,0
2014-05-31,1,1,1,0
2014-06-01,1,1,1,0
2014-06-03,1,1,1,0
2014-06-06,1,1,1,0
2014-06-07,2,2,2,0
2014-06-08,1,0,1,0
2014-06-09,3,2,3,0
2014-06-10,1,1,1,0
2014-06-12,1,1,1,0
2014-06-15,2,1,2,0
2014-06-16,1,1,1,0
2014-06-18,2,2,2,0
2014-06-19,1,0,1,0
2014-06-20,2,2,2,0
2014-06-21,1,1,1,0
2014-06-23,3,1,2,0
2014-06-24,4,2,4,0
2014-06-26,1,0,1,0
2014-06-27,2,1,2,0
2014-06-28,1,1,1,0
2014-06-30,1,1,1,0
2014-07-03,1,0,1,0
2014-07-04,1,1,1,0
2014-07-06,1,1,1,0
2014-07-07,2,1,2,0
2014-07-13,2,1,1,0
2014-07-14,1,1,1,0
2014-07-15,1,1,1,0
2014-07-16,2,2,2,0
2014-07-17,1,1,1,0
2014-07-18,1,1,1,0
2014-07-21,1,0,1,0
2014-07-23,1,0,1,0
2014-07-26,2,1,2,0
2014-07-27,2,2,2,1
2014-07-28,2,1,2,1
2014-07-30,1,1,1,0
2014-08-01,1,1,1,0
2014-08-04,1,1,1,0
2014-08-05,2,2,2,1
2014-08-06,1,0,1,0
2014-08-07,1,0,1,0
2014-08-08,1,0,1,0
2014-08-09,1,1,1,0
2014-08-10,1,0,1,0
2014-08-12,1,1,1,0
2014-08-14,1,0,0,0
2014-08-15,3,2,3,0
2014-08-16,1,1,1,0
2014-08-18,1,0,1,0
2014-08-19,1,1,1,0
2014-08-20,1,0,1,0
2014-08-22,1,1,1,0
2014-08-25,1,0,1,0
2014-08-26,1,1,1,0
2014-08-29,2,2,1,1
2014-08-31,1,1,1,0
2014-09-02,1,1,1,0
2014-09-04,1,1,1,1
2014-09-05,2,2,2,1
2014-09-06,1,1,1,0
2014-09-08,3,2,3,0
2014-09-09,2,1,1,0
2014-09-10,1,0,1,0
2014-09-11,1,1,1,0
2014-09-13,2,2,2,1
2014-09-15,1,1,1,0
2014-09-18,2,1,2,0
2014-09-20,1,0,1,0
2014-09-21,1,0,1,0
2014-09-22,1,0,1,0
2014-09-24,2,1,1,0
2014-09-25,1,1,1,0
2014-09-29,2,2,2,0
2014-09-30,2,1,2,0
2014-10-01,1,1,1,0
2014-10-02,1,1,1,1
2014-10-05,1,1,1,0
2014-10-07,1,0,1,0
2014-10-09,2,0,2,0
2014-10-12,1,1,1,0
2014-10-13,1,1,1,0
2014-10-14,1,0,1,0
2014-10-15,1,1,1,0
2014-10-16,1,1,1,0
2014-10-18,1,1,1,0
2014-10-19,1,1,1,0
2014-10-20,4,2,2,0
2014-10-21,4,4,3,0
2014-10-23,3,2,1,0
2014-10-25,1,1,1,0
2014-10-27,1,1,1,0
2014-10-28,1,1,1,0
2014-10-30,2,1,2,0
2014-11-01,1,1,1,0
2014-11-02,2,2,2,0
2014-11-04,3,3,3,0
2014-11-05,1,1,0,0
2014-11-06,1,1,1,0
2014-11-07,1,0,1,0
2014-11-08,1,1,1,0
2014-11-10,1,1,1,0
2014-11-12,1,1,1,0
2014-11-14,6,5,6,1
2014-11-18,1,0,1,0
2014-11-19,1,0,1,0
2014-11-20,3,2,3,0
2014-11-21,1,1,1,0
2014-11-22,1,1,1,0
2014-11-23,2,0,2,0
2014-11-24,5,3,4,0
2014-11-25,3,3,3,0
2014-11-26,1,0,1,0
2014-11-27,1,1,1,1
2014-11-30,2,1,2,0
2014-12-01,2,1,2,0
2014-12-03,2,2,2,0
2014-12-04,2,2,2,0
2014-12-05,4,4,4,0
2014-12-06,2,2,2,0
2014-12-08,2,1,2,0
2014-12-11,3,2,3,0
2014-12-12,3,3,3,0
2014-12-13,1,1,1,0
2014-12-14,2,0,2,0
2014-12-17,1,1,1,0
2014-12-19,1,0,1,0
2014-12-20,5,4,5,0
2014-12-22,1,1,0,0
2014-12-23,1,1,1,0
2014-12-25,1,1,1,0
2014-12-26,1,0,1,0
2014-12-28,2,2,2,1
2014-12-31,1,1,1,0
2015-01-01,1,0,1,0
2015-01-10,2,1,2,1
2015-01-11,1,1,1,0
2015-01-12,1,0,0,0
2015-01-16,2,2,2,0
2015-01-17,1,1,1,0
2015-01-19,1,1,1,0
2015-01-21,1,0,1,0
2015-01-23,1,0,1,0
2015-01-24,1,1,1,0
2015-01-25,2,2,2,0
2015-01-28,1,1,1,0
2015-01-29,1,1,1,0
2015-01-30,2,2,2,0
2015-02-02,1,0,1,0
2015-02-03,2,1,2,0
2015-02-05,1,1,1,0
2015-02-06,1,1,1,0
2015-02-08,1,0,0,0
2015-02-09,3,1,2,0
2015-02-12,1,1,1,0
2015-02-14,1,0,1,0
2015-02-15,1,1,1,0
2015-02-18,1,1,1,0
2015-02-23,1,0,1,0
2015-02-25,1,1,1,0
2015-02-26,1,1,1,0
2015-02-28,3,1,3,0
2015-03-02,1,1,1,0
2015-03-04,2,2,2,0
2015-03-06,1,1,1,0
2015-03-07,1,0,0,0
2015-03-11,1,1,1,0
2015-03-13,1,1,1,0
2015-03-15,2,2,1,2
2015-03-18,1,0,1,0
2015-03-20,1,1,1,0
2015-03-22,2,1,1,0
2015-03-23,1,1,1,0
2015-03-24,3,1,3,0
2015-03-25,1,0,1,0
2015-03-26,4,2,4,0
2015-03-29,1,1,1,1
2015-03-30,1,1,1,0
2015-04-01,1,0,1,0
2015-04-02,1,1,1,0
2015-04-06,4,4,4,0
2015-04-07,1,1,1,0
2015-04-10,2,2,2,0
2015-04-11,2,1,2,0
2015-04-12,1,1,1,0
2015-04-15,2,0,2,0
2015-04-16,1,1,1,0
2015-04-18,1,1,1,1
2015-04-19,1,0,1,0
2015-04-20,2,2,2,0
2015-04-21,1,0,1,0
2015-04-22,2,1,2,0
2015-04-23,1,0,0,0
2015-04-25,2,1,2,0
2015-04-26,1,0,1,0
2015-04-28,2,1,2,0
2015-04-29,1,1,1,0
2015-04-30,1,0,0,0
2015-05-02,1,1,0,0
2015-05-03,1,0,1,0
2015-05-05,3,2,3,2
2015-05-07,1,1,1,0
2015-05-09,1,1,1,0
2015-05-13,2,2,2,1
2015-05-14,1,1,1,0
2015-05-19,2,0,1,0
2015-05-20,1,1,1,0
2015-05-22,2,1,2,0
2015-05-28,1,0,1,0
2015-05-31,1,0,1,0
2015-06-02,1,0,1,0
2015-06-04,1,1,1,1
2015-06-06,1,1,1,0
2015-06-07,1,1,1,0
2015-06-08,1,1,1,0
2015-06-09,1,1,1,0
2015-06-12,3,3,3,0
2015-06-16,1,1,1,0
2015-06-18,1,0,1,0
2015-06-19,1,0,1,0
2015-06-21,1,1,1,1
2015-06-23,1,1,1,0
2015-06-25,2,0,2,0
2015-06-27,1,0,1,0
2015-06-30,3,2,2,0
2015-07-02,2,1,2,0
2015-07-03,2,0,1,0
2015-07-05,2,0,2,0
2015-07-06,1,0,1,0
2015-07-07,1,0,1,0
2015-07-08,2,0,1,0
2015-07-10,1,1,1,0
2015-07-11,1,0,1,0
2015-07-12,2,0,2,0
2015-07-13,1,0,1,0
2015-07-15,2,2,2,0
2015-07-17,1,1,1,0
2015-07-19,1,1,1,0
2015-07-24,1,1,1,1
2015-07-25,1,1,1,1
2015-07-26,1,1,1,0
2015-07-30,1,1,1,0
2015-07-31,1,1,1,0
2015-08-02,2,2,2,0
2015-08-05,1,0,0,0
2015-08-06,1,1,1,0
2015-08-09,2,2,2,0
2015-08-11,1,1,1,0
2015-08-12,1,1,1,0
2015-08-13,2,1,2,0
2015-08-16,1,1,1,0
2015-08-20,1,0,1,0
2015-08-22,2,1,1,0
2015-08-23,1,1,1,1
2015-08-25,4,1,3,0
2015-08-26,3,2,3,0
2015-08-27,1,1,1,0
2015-08-28,1,1,1,1
2015-08-29,1,1,1,0
2015-08-31,2,0,1,0
2015-09-01,2,1,2,1
2015-09-04,1,1,1,0
2015-09-07,3,1,1,0
2015-09-08,2,2,2,0
2015-09-10,1,1,1,0
2015-09-12,1,1,1,0
2015-09-14,1,1,1,0
2015-09-15,1,1,1,1
2015-09-17,1,0,0,0
2015-09-18,1,0,1,0
2015-09-19,1,1,1,0
2015-09-20,3,1,2,0
2015-09-22,1,0,1,0
2015-09-23,2,2,2,0
2015-09-24,1,0,1,0
2015-09-27,1,1,1,0
2015-10-01,2,0,2,0
2015-10-03,2,2,1,1
2015-10-05,1,1,1,0
2015-10-08,1,1,1,0
2015-10-09,1,0,1,0
2015-10-12,1,0,1,0
2015-10-13,1,0,0,0
2015-10-14,1,0,1,0
2015-10-15,1,1,1,0
2015-10-16,1,1,1,0
2015-10-17,1,0,0,0
2015-10-18,2,1,2,0
2015-10-19,1,1,1,0
2015-10-20,2,0,2,0
2015-10-22,1,1,1,0
2015-10-27,1,1,1,0
2015-10-28,1,1,1,0
2015-10-29,1,0,1,0
2015-10-31,2,1,2,0
2015-11-01,2,2,2,0
2015-11-02,2,0,2,0
2015-11-03,2,2,2,0
2015-11-04,1,1,1,0
2015-11-06,1,1,1,0
2015-11-09,1,1,1,0
2015-11-10,2,2,2,0
2015-11-13,2,1,2,0
2015-11-15,1,1,1,0
2015-11-17,2,2,2,1
2015-11-18,1,0,1,0
2015-11-20,2,1,2,0
2015-11-21,1,1,1,0
2015-11-22,3,1,2,0
2015-11-23,2,1,2,0
2015-11-25,1,1,1,0
2015-11-27,1,0,1,0
2015-11-29,1,0,1,0
2015-12-01,2,1,2,1
2015-12-02,1,1,1,1
2015-12-03,1,1,1,0
2015-12-05,1,1,1,0
2015-12-06,1,1,1,0
2015-12-12,1,1,1,0
2015-12-14,1,1,1,0
2015-12-18,1,1,1,0
2015-12-22,2,2,2,0
2015-12-26,1,0,0,0
2015-12-27,1,1,1,0
2015-12-29,2,1,2,0
2015-12-30,1,1,1,0
2016-01-01,3,1,3,0
2016-01-03,3,3,3,0
2016-01-04,2,0,2,0
2016-01-06,2,1,2,0
2016-01-10,2,1,2,0
2016-01-15,1,1,1,0
2016-01-16,3,2,3,0
2016-01-20,2,1,2,0
2016-01-22,2,2,2,0
2016-01-27,1,1,1,0
2016-01-28,1,1,1,0
2016-01-29,3,2,3,1
2016-01-31,2,2,2,0
2016-02-01,2,0,2,0
2016-02-03,1,0,1,0
2016-02-10,2,1,2,0
2016-02-12,1,1,1,0
2016-02-16,1,0,0,0
2016-02-20,3,2,3,0
2016-02-23,1,1,1,0
2016-02-24,1,1,1,0
2016-02-26,1,0,1,0
2016-02-28,2,2,2,0
2016-02-29,1,1,1,0
2016-03-02,3,3,3,0
2016-03-03,1,1,1,0
2016-03-06,1,0,0,0
2016-03-07,1,1,1,0
2016-03-08,1,1,1,0
2016-03-09,1,1,1,0
2016-03-10,1,1,1,0
2016-03-12,1,0,1,0
2016-03-13,2,0,2,0
2016-03-14,1,1,1,1
2016-03-15,2,1,2,0
2016-03-19,1,0,1,0
2016-03-23,2,2,2,0
2016-03-27,1,0,0,0
2016-03-29,3,2,3,0
2016-03-30,3,1,3,0
2016-04-01,3,1,2,0
2016-04-03,1,1,1,0
2016-04-04,2,1,1,0
2016-04-05,3,2,3,0
2016-04-07,1,1,1,0
2016-04-08,1,1,1,0
2016-04-10,2,1,1,0
2016-04-11,1,0,1,0
2016-04-12,1,1,1,0
2016-04-15,3,1,3,1
2016-04-17,1,1,1,0
2016-04-18,1,1,1,1
2016-04-19,1,0,1,0
2016-04-20,1,0,1,0
2016-04-22,1,0,1,0
2016-04-24,2,2,1,0
2016-04-26,1,0,1,0
2016-04-28,2,1,2,0
2016-04-29,2,2,2,0
2016-04-30,1,0,0,0
2016-05-02,2,2,1,0
2016-05-03,1,1,1,0
2016-05-04,2,2,2,0
2016-05-05,2,1,1,0
2016-05-06,3,3,3,0
2016-05-10,2,2,2,1
2016-05-11,2,1,2,0
2016-05-13,1,0,1,0
2016-05-16,2,0,1,0
2016-05-17,1,1,1,0
2016-05-18,1,0,1,0
2016-05-20,1,0,1,0
2016-05-21,2,0,0,0
2016-05-24,1,1,1,0
2016-05-25,1,1,1,0
2016-05-26,1,1,1,1
2016-05-27,1,0,0,0
2016-05-29,1,1,1,0
2016-06-02,3,2,3,0
2016-06-03,1,1,1,0
2016-06-04,1,1,1,0
2016-06-10,3,1,2,0
2016-06-12,2,2,2,0
2016-06-14,1,1,1,0
2016-06-17,1,0,0,0
2016-06-19,1,1,1,0
2016-06-20,1,1,1,0
2016-06-21,1,0,1,0
2016-06-22,2,1,2,0
2016-06-24,1,1,0,0
2016-06-27,2,2,2,1
2016-06-29,1,0,1,0
2016-06-30,1,1,1,0
2016-07-02,1,1,1,0
2016-07-04,2,1,2,0
2016-07-07,1,1,1,0
2016-07-08,1,0,1,0
2016-07-09,2,1,2,0
2016-07-10,1,1,0,0
2016-07-11,1,0,1,0
2016-07-13,2,2,2,0
2016-07-14,1,1,1,0
2016-07-15,1,1,1,0
2016-07-18,2,2,2,1
2016-07-20,2,1,2,0
2016-07-24,1,0,1,0
2016-07-25,2,1,1,0
2016-07-26,1,1,1,0
2016-07-27,2,2,2,1
2016-07-28,2,2,2,1
2016-07-29,1,1,1,0
2016-07-30,1,1,1,0
2016-08-05,2,0,2,0
2016-08-08,1,0,1,0
2016-08-09,3,1,2,0
2016-08-12,1,1,1,0
2016-08-13,1,0,0,0
2016-08-15,1,0,0,0
2016-08-18,2,2,1,1
2016-08-19,1,0,1,0
2016-08-21,1,1,1,0
2016-08-23,1,0,1,0
2016-08-24,1,1,1,0
2016-08-26,1,1,1,0
2016-08-31,1,1,0,0
2016-09-01,2,2,1,1
2016-09-03,1,0,1,0
2016-09-05,1,0,0,0
2016-09-07,1,0,0,0
2016-09-09,1,1,1,0
2016-09-10,2,1,2,0
2016-09-13,1,0,1,0
2016-09-14,4,3,4,1
2016-09-15,1,1,0,0
2016-09-16,3,3,2,1
2016-09-17,1,0,1,0
2016-09-20,2,1,0,0
2016-09-22,2,0,0,0
2016-09-25,1,0,1,0
2016-09-26,2,2,1,0
2016-09-27,1,1,1,0
2016-10-01,1,0,0,0
2016-10-04,2,1,1,0
2016-10-05,1,1,0,0
2016-10-07,3,2,2,1
2016-10-08,1,1,1,0
2016-10-09,2,2,2,0
2016-10-10,1,0,1,0
2016-10-11,2,0,0,0
2016-10-14,1,1,0,0
2016-10-15,1,0,1,0
2016-10-17,2,1,2,0
2016-10-19,1,0,0,0
2016-10-20,1,1,1,1
2016-10-23,2,1,1,0
2016-10-27,1,1,1,0
2016-10-29,1,1,1,0
2016-11-01,2,2,1,0
2016-11-05,1,1,1,0
2016-11-06,2,2,1,0
2016-11-07,2,2,1,0
2016-11-09,2,2,2,0
2016-11-10,1,1,1,0
2016-11-14,2,0,1,0
2016-11-15,1,1,1,0
2016-11-20,1,0,1,0
2016-11-21,1,0,1,0
2016-11-23,1,0,0,0
2016-11-24,2,1,0,0
2016-11-25,2,2,1,0
2016-11-26,1,1,0,0
2016-11-27,2,1,1,0
2016-11-28,1,0,0,0
2016-12-01,1,1,1,0
2016-12-04,1,1,0,0
2016-12-05,1,1,1,0
2016-12-07,1,1,1,0
2016-12-08,1,1,1,0
2016-12-09,1,1,0,0
2016-12-10,1,1,0,0
2016-12-11,3,1,2,0
2016-12-12,1,1,1,0
2016-12-13,2,2,2,0
2016-12-16,1,1,1,0
2016-12-18,1,1,1,0
2016-12-19,1,1,0,0
2016-12-20,1,0,0,0
2016-12-22,1,0,0,0
2016-12-23,1,1,1,0
2016-12-25,1,1,1,0
2016-12-27,1,1,0,0
2016-12-28,2,1,2,0
2016-12-29,1,1,1,0
2016-12-30,1,1,1,0
2016-12-31,1,0,1,0
2017-01-03,1,1,1,0
2017-01-04,1,1,1,0
2017-01-08,1,1,1,0
2017-01-10,1,1,0,0
2017-01-11,3,1,2,0
2017-01-12,1,0,0,0
2017-01-13,2,0,1,0
2017-01-14,1,1,1,0
2017-01-15,1,0,1,0
2017-01-17,1,1,0,0
2017-01-18,2,0,0,0
2017-01-20,1,1,1,1
2017-01-24,1,0,0,0
2017-01-27,1,1,0,0
2017-01-28,1,1,1,0
2017-01-29,2,1,2,0
2017-02-01,1,1,1,0
2017-02-03,1,1,1,0
2017-02-04,2,2,1,1
2017-02-05,1,1,0,0
2017-02-06,2,0,1,0
2017-02-07,2,1,2,0
2017-02-08,2,0,1,0
2017-02-09,2,1,1,0
2017-02-10,3,2,0,0
2017-02-12,2,1,1,0
2017-02-13,2,0,2,0
2017-02-14,1,0,1,0
2017-02-16,2,2,1,0
2017-02-18,2,1,2,0
2017-02-20,1,1,0,0
2017-02-24,1,1,0,0
2017-02-26,1,1,0,0
2017-02-27,1,0,1,0
2017-02-28,1,0,1,0
2017-03-01,2,0,1,0
2017-03-02,2,2,2,1
2017-03-03,2,2,1,1
2017-03-04,1,1,1,0
2017-03-06,1,1,0,0
2017-03-07,2,1,1,0
2017-03-09,1,1,0,0
2017-03-11,1,0,1,0
2017-03-12,1,0,1,0
2017-03-15,2,1,2,0
2017-03-16,1,1,1,1
2017-03-17,1,0,1,0
2017-03-18,3,2,2,0
2017-03-20,3,3,3,0
2017-03-26,1,0,0,0
2017-03-27,1,0,1,0
2017-03-28,3,3,2,0
2017-03-29,2,2,1,1
2017-03-30,1,1,1,0
2017-03-31,1,0,0,0
2017-04-01,2,1,1,0
2017-04-02,3,1,2,0
2017-04-05,1,1,0,0
2017-04-07,1,1,1,0
2017-04-08,1,1,1,0
2017-04-09,2,0,1,0
2017-04-11,1,1,1,1
2017-04-12,2,1,2,1
2017-04-16,1,0,1,0
2017-04-17,1,0,1,0
2017-04-18,1,1,1,0
2017-04-20,1,1,1,0
2017-04-25,1,1,1,1
2017-04-26,1,0,1,0
2017-04-27,1,1,1,0
2017-04-30,2,2,2,0
2017-05-02,1,0,1,0
2017-05-04,1,1,1,0
2017-05-05,2,2,2,0
2017-05-06,1,1,1,0
2017-05-07,1,1,1,0
2017-05-08,3,3,3,0
2017-05-09,1,1,1,0
2017-05-10,4,1,4,1
2017-05-14,2,2,2,0
2017-05-15,2,2,2,0
2017-05-16,1,1,1,0
2017-05-17,1,1,1,0
2017-05-19,2,2,2,0
2017-05-21,2,2,2,0
2017-05-23,2,2,2,0
2017-05-24,1,1,1,0
2017-05-25,1,1,1,0
2017-05-28,1,1,1,0
2017-05-31,1,1,1,1
2017-06-02,4,0,4,0
2017-06-03,1,0,1,0
2017-06-06,1,0,1,0
2017-06-07,2,1,2,0
2017-06-09,1,1,1,1
2017-06-10,2,1,2,0
2017-06-11,1,1,1,0
2017-06-12,1,1,1,0
2017-06-13,1,1,1,0
2017-06-14,1,1,1,0
2017-06-16,1,1,1,0
2017-06-23,2,2,2,1
2017-06-25,2,0,2,0
2017-06-26,1,1,1,1
2017-06-30,1,1,1,0
2017-07-01,2,1,2,0
2017-07-02,1,0,1,0
2017-07-03,1,1,1,0
2017-07-05,1,1,1,0
2017-07-06,1,1,1,0
2017-07-07,1,0,1,0
2017-07-10,1,1,0,0
2017-07-11,1,0,1,0
2017-07-14,1,1,0,0
2017-07-20,1,1,1,0
2017-07-21,1,1,1,1
2017-07-23,2,1,2,1
2017-07-26,1,0,1,0
2017-07-30,1,0,0,0
2017-08-01,3,2,3,0
2017-08-02,2,1,2,0
2017-08-07,3,1,3,0
2017-08-08,1,0,1,0
2017-08-11,1,1,1,0
2017-08-13,2,2,2,1
2017-08-16,1,1,1,1
2017-08-17,1,1,1,0
2017-08-18,2,2,2,0
2017-08-21,2,2,1,1
2017-08-22,2,2,2,0
2017-08-23,1,1,1,0
2017-08-24,1,1,1,0
2017-08-25,1,1,1,0
2017-08-27,1,1,1,0
2017-08-28,1,1,1,0
2017-08-29,1,0,1,0
2017-08-30,1,1,1,0
2017-09-05,1,0,0,0
2017-09-07,1,1,1,0
2017-09-09,2,1,2,0
2017-09-10,2,2,2,0
2017-09-12,3,3,3,0
2017-09-13,1,1,1,0
2017-09-14,2,0,2,0
2017-09-17,1,1,1,0
2017-09-20,1,1,1,0
2017-09-23,1,0,1,0
2017-09-24,2,0,2,0
2017-09-25,1,1,1,1
2017-09-27,1,1,1,0
2017-10-01,1,0,1,0
2017-10-02,2,2,2,0
2017-10-04,2,2,2,0
2017-10-05,1,1,1,0
2017-10-06,1,1,1,0
2017-10-07,1,0,1,0
2017-10-09,1,0,1,0
2017-10-10,1,1,1,0
2017-10-11,1,0,1,0
2017-10-12,2,2,2,1
2017-10-14,2,1,2,0
2017-10-15,1,0,1,0
2017-10-16,2,1,2,0
2017-10-17,1,0,1,0
2017-10-19,1,0,1,0
2017-10-22,1,0,0,0
2017-10-23,1,0,1,0
2017-10-24,1,1,1,0
2017-10-25,2,2,2,0
2017-10-26,2,1,2,0
2017-10-28,2,2,2,0
2017-10-30,1,0,1,0
2017-11-01,1,1,1,0
2017-11-02,2,1,2,0
2017-11-08,1,0,1,0
2017-11-09,1,0,1,0
2017-11-12,1,0,1,0
2017-11-14,2,2,2,1
2017-11-15,1,1,1,0
2017-11-16,1,0,1,0
2017-11-17,2,2,2,0
2017-11-19,2,2,2,0
2017-11-21,4,3,4,0
2017-11-22,1,0,1,0
2017-11-23,2,1,2,0
2017-11-24,1,1,1,0
2017-11-26,1,1,1,0
2017-11-27,1,1,1,0
2017-11-29,1,1,1,0
2017-12-01,3,3,3,0
2017-12-02,1,0,0,0
2017-12-03,3,2,3,0
2017-12-06,2,2,2,1
2017-12-07,1,1,1,0
2017-12-08,2,1,2,0
2017-12-09,3,3,3,1
2017-12-10,2,0,2,0
2017-12-11,1,1,1,0
2017-12-12,1,1,1,0
2017-12-13,1,1,1,0
2017-12-15,2,2,2,0
2017-12-16,1,1,1,0
2017-12-19,1,1,1,0
2017-12-20,1,1,1,1
2017-12-25,1,1,1,1
2017-12-26,2,0,2,0
2017-12-27,1,1,1,0
2017-12-28,3,3,3,0
2017-12-30,2,2,2,1
2017-12-31,2,2,2,0
2018-01-01,4,3,3,0
2018-01-02,1,1,1,0
2018-01-04,1,0,1,0
2018-01-07,2,1,2,0
2018-01-10,1,1,1,0
2018-01-11,2,2,2,0
2018-01-14,1,1,1,0
2018-01-15,1,0,1,0
2018-01-16,1,0,1,0
2018-01-18,1,1,1,0
2018-01-19,1,1,1,0
2018-01-23,2,2,2,0
2018-01-24,2,1,2,0
2018-01-25,1,1,1,0
2018-01-27,2,2,2,1
2018-01-28,1,0,0,0
2018-01-31,2,2,2,1
2018-02-01,2,1,2,0
2018-02-06,3,1,3,0
2018-02-08,1,1,1,0
2018-02-11,1,1,1,0
2018-02-12,2,2,2,0
2018-02-15,3,2,3,0
2018-02-18,1,0,1,0
2018-02-21,1,0,0,0
2018-02-22,2,1,2,0
2018-02-23,1,1,1,0
2018-02-27,1,0,1,0
2018-03-03,1,0,1,0
2018-03-04,1,1,1,0
2018-03-05,1,1,1,0
2018-03-06,1,0,1,0
2018-03-07,2,1,2,0
2018-03-09,2,2,2,0
2018-03-10,1,1,1,0
2018-03-11,1,1,1,0
2018-03-14,1,0,1,0
2018-03-15,1,1,1,0
2018-03-16,2,1,2,0
2018-03-17,1,1,1,0
2018-03-18,2,1,2,0
2018-03-19,1,1,1,0
2018-03-20,2,1,2,0
2018-03-23,3,2,3,0
2018-03-24,2,0,2,0
2018-03-25,2,2,2,0
2018-03-26,2,2,2,0
2018-03-28,2,2,2,0
2018-03-29,1,1,1,1
2018-03-30,2,1,2,0
2018-04-01,1,0,0,0
2018-04-02,1,1,1,0
2018-04-06,1,1,1,0
2018-04-07,2,1,2,0
2018-04-08,2,1,2,0
2018-04-10,2,2,1,1
2018-04-11,1,0,1,0
2018-04-13,1,0,1,0
2018-04-17,1,1,1,0
2018-04-19,1,1,1,0
2018-04-23,2,1,2,0
2018-04-24,1,0,1,0
2018-04-25,1,1,1,0
2018-04-29,2,1,2,0
2018-05-02,4,1,1,0
2018-05-03,1,1,1,0
2018-05-06,1,1,0,1
2018-05-08,1,0,1,0
2018-05-10,1,1,1,0
2018-05-11,1,1,1,1
2018-05-14,1,0,0,0
2018-05-17,1,1,1,0
2018-05-20,1,1,1,1
2018-05-21,4,4,4,1
2018-05-22,1,1,1,0
2018-05-23,1,1,1,0
2018-05-24,1,0,1,0
2018-05-26,2,2,1,2
2018-05-31,2,1,2,0
2018-06-01,2,1,2,0
2018-06-02,1,1,1,1
2018-06-05,1,1,1,0
2018-06-06,3,2,3,0
2018-06-07,1,1,1,0
2018-06-10,3,2,3,0
2018-06-11,1,1,1,0
2018-06-13,2,1,2,0
2018-06-14,1,1,1,0
2018-06-18,1,1,1,0
2018-06-20,2,1,2,0
2018-06-23,1,1,1,0
2018-06-24,1,0,1,0
2018-06-26,1,0,1,0
2018-06-27,1,0,1,0
2018-06-29,1,0,1,0
2018-06-30,2,2,2,1
2018-07-01,1,1,1,0
2018-07-02,3,0,2,0
2018-07-03,1,1,1,0
2018-07-04,2,2,2,1
2018-07-05,2,2,2,0
2018-07-07,2,0,2,0
2018-07-08,2,1,1,0
2018-07-09,1,1,1,0
2018-07-11,1,1,1,0
2018-07-13,2,2,2,1
2018-07-14,1,0,1,0
2018-07-15,1,1,1,0
2018-07-18,3,2,3,0
2018-07-20,4,2,4,0
2018-07-22,1,1,1,0
2018-07-23,4,3,3,0
2018-07-25,1,0,1,0
2018-07-27,1,1,1,0
2018-07-30,1,0,1,0
2018-08-01,2,0,2,0
2018-08-03,1,0,1,0
2018-08-04,1,0,1,0
2018-08-05,1,0,1,0
2018-08-07,2,1,2,0
2018-08-08,1,1,1,0
2018-08-09,1,1,1,0
2018-08-13,1,1,1,0
2018-08-15,2,2,2,0
2018-08-17,1,1,1,0
2018-08-18,1,1,1,0
2018-08-22,1,0,1,0
2018-08-24,2,0,2,0
2018-08-25,2,2,2,0
2018-08-26,2,1,2,0
2018-08-28,3,0,3,0
2018-08-29,2,2,2,0
2018-09-02,1,0,1,0
2018-09-05,1,1,1,0
2018-09-06,1,1,1,0
2018-09-10,3,0,3,0
2018-09-12,1,0,1,0
2018-09-13,1,0,1,0
2018-09-14,4,1,4,0
2018-09-16,1,0,1,0
2018-09-17,1,0,0,0
2018-09-19,2,1,2,0
2018-09-22,2,2,2,1
2018-09-23,1,1,1,0
2018-09-24,1,0,1,0
2018-09-26,2,2,2,0
2018-09-27,1,0,1,0
2018-09-29,1,1,1,1
2018-09-30,4,2,3,0
2018-10-01,1,1,1,0
2018-10-07,3,0,2,0
2018-10-09,1,0,1,0
2018-10-14,1,0,0,0
2018-10-24,1,0,1,0
2018-10-25,1,1,1,0
2018-10-26,1,0,1,0
2018-10-28,1,1,1,1
2018-10-29,1,0,1,0
2018-10-30,1,0,1,0
2018-11-02,1,0,1,0
2018-11-07,2,2,2,0
2018-11-09,1,1,1,0
2018-11-11,1,0,1,0
2018-11-13,2,2,2,0
2018-11-14,2,2,2,0
2018-11-16,1,0,1,0
2018-11-17,2,0,2,0
2018-11-19,1,1,1,0
2018-11-20,1,1,1,0
2018-11-21,1,1,1,0
2018-11-22,1,0,1,0
2018-11-24,1,0,1,0
2018-11-26,2,1,2,0
2018-11-29,1,0,0,0
2018-11-30,2,0,2,0
2018-12-01,2,0,2,0
2018-12-02,1,0,1,0
2018-12-03,2,1,2,0
2018-12-04,1,1,1,0
2018-12-05,1,0,1,0
2018-12-06,1,0,1,0
2018-12-07,2,1,2,0
2018-12-09,1,0,0,0
2018-12-10,1,0,0,0
2018-12-15,1,1,1,0
2018-12-16,2,1,1,0
2018-12-21,1,1,1,0
2018-12-23,1,0,1,0
2018-12-26,1,1,1,0
2018-12-28,1,1,1,0
2018-12-31,1,0,1,0
2019-01-03,1,1,1,0
2019-01-04,1,1,1,1
2019-01-07,1,1,1,0
2019-01-08,1,0,1,0
2019-01-10,1,1,1,0
2019-01-11,2,1,2,0
2019-01-12,2,1,2,0
2019-01-14,2,2,2,0
2019-01-17,1,0,1,0
2019-01-22,1,1,1,0
2019-01-23,2,2,2,0
2019-01-26,1,1,0,0
2019-01-28,1,0,1,0
2019-01-30,3,0,3,0
2019-02-02,1,0,1,0
2019-02-05,1,1,1,0
2019-02-07,2,1,1,0
2019-02-12,2,2,2,1
2019-02-15,2,0,2,0
2019-02-16,1,0,1,0
2019-02-20,2,2,1,1
2019-02-21,1,1,1,0
2019-02-25,1,0,1,0
2019-03-01,1,0,1,0
2019-03-05,1,1,1,0
2019-03-06,4,2,4,0
2019-03-07,4,2,4,1
2019-03-10,1,0,1,0
2019-03-13,1,0,1,0
2019-03-14,1,1,1,0
2019-03-15,4,3,4,0
2019-03-18,3,3,3,0
2019-03-19,2,2,2,0
2019-03-20,1,0,1,0
2019-03-21,1,0,1,0
2019-03-23,2,1,2,0
2019-03-26,1,1,1,0
2019-03-27,1,0,1,0
2019-03-29,2,1,2,0
2019-03-30,2,2,2,1
2019-04-02,1,0,1,0
2019-04-05,1,1,1,0
2019-04-06,1,0,1,0
2019-04-08,2,2,2,1
2019-04-09,2,0,2,0
2019-04-10,1,0,1,0
2019-04-12,1,0,1,0
2019-04-13,1,1,1,0
2019-04-15,3,1,2,0
2019-04-19,1,0,1,0
2019-04-22,1,1,1,0
2019-04-24,1,0,1,0
2019-04-26,1,0,1,0
2019-04-29,2,2,2,0
2019-05-01,1,0,1,0
2019-05-02,1,1,1,0
2019-05-03,1,0,1,0
2019-05-05,1,0,0,0
2019-05-09,1,0,1,0
2019-05-10,1,1,1,0
2019-05-12,1,0,0,0
2019-05-13,1,0,1,0
2019-05-15,1,1,1,0
2019-05-16,1,1,1,0
2019-05-17,2,2,2,0
2019-05-18,1,1,1,0
2019-05-19,1,0,1,0
2019-05-21,2,1,2,0
2019-05-22,1,1,1,0
2019-05-27,3,3,3,2
2019-05-29,1,1,1,1
2019-05-31,2,1,2,0
2019-06-01,1,1,0,0
2019-06-03,1,0,1,0
2019-06-04,1,1,1,0
2019-06-06,1,0,1,0
2019-06-07,1,1,1,0
2019-06-09,1,0,1,0
2019-06-10,1,1,1,0
2019-06-11,3,2,3,1
2019-06-13,1,1,1,1
2019-06-14,1,0,1,0
2019-06-16,2,1,2,0
2019-06-17,1,1,1,0
2019-06-19,1,1,1,0
2019-06-25,2,2,1,1
2019-06-27,1,1,1,1
2019-06-30,1,0,1,0
2019-07-01,1,0,1,0
2019-07-02,2,0,2,0
2019-07-04,1,1,1,0
2019-07-05,1,1,1,1
2019-07-10,1,1,1,0
2019-07-11,2,1,2,1
2019-07-12,1,0,1,0
2019-07-13,3,1,3,0
2019-07-16,1,1,1,0
2019-07-17,1,0,1,0
2019-07-18,1,1,1,0
2019-07-21,3,1,3,0
2019-07-23,2,2,2,0
2019-07-26,1,0,1,0
2019-07-29,1,0,1,0
2019-07-30,2,1,2,0
2019-07-31,1,1,1,1
2019-08-01,2,1,2,0
2019-08-03,3,1,3,0
2019-08-04,2,2,2,0
2019-08-06,1,1,1,0
2019-08-07,1,1,1,0
2019-08-14,1,0,1,0
2019-08-15,2,2,2,1
2019-08-16,1,1,1,0
2019-08-17,2,1,2,0
2019-08-19,1,1,1,0
2019-08-23,1,0,1,0
2019-08-24,1,0,1,0
2019-08-30,2,0,2,0
2019-09-01,2,1,2,0
2019-09-02,1,0,1,0
2019-09-03,2,2,2,0
2019-09-04,1,1,1,0
2019-09-07,1,1,1,0
2019-09-08,1,0,1,0
2019-09-10,1,1,1,0
2019-09-12,1,0,1,0
2019-09-15,1,1,1,0
2019-09-16,2,1,1,0
2019-09-17,1,0,1,0
2019-09-18,1,1,1,0
2019-09-19,1,1,1,0
2019-09-21,1,0,1,0
2019-09-23,1,1,1,0
2019-09-28,1,1,1,0
2019-09-30,2,2,2,0
2019-10-03,1,1,1,0
2019-10-04,1,1,1,0
2019-10-06,1,0,0,0
2019-10-09,2,0,1,0
2019-10-10,1,1,1,0
2019-10-21,1,0,1,0
2019-10-23,1,0,1,0
2019-10-25,1,0,1,0
2019-10-26,1,1,1,0
2019-11-02,1,1,1,0
2019-11-03,2,2,2,0
2019-11-07,2,1,2,0
2019-11-08,1,1,1,0
2019-11-09,1,1,1,0
2019-11-13,2,2,2,0
2019-11-21,1,1,1,0
2019-11-22,2,2,2,0
2019-11-25,1,1,1,0
2019-11-26,1,0,0,0
2019-11-29,1,1,1,0
2019-11-30,1,1,1,0
2019-12-01,2,2,2,0
2019-12-03,3,1,3,1
2019-12-04,3,1,3,0
2019-12-05,1,1,1,0
2019-12-06,4,4,4,0
2019-12-08,2,0,1,0
2019-12-10,2,0,1,0
2019-12-11,1,0,0,0
2019-12-12,1,1,0,0
2019-12-17,1,0,1,0
2019-12-20,1,0,0,0
2019-12-21,1,1,0,0
2019-12-24,1,1,1,0
2019-12-27,2,2,2,0
2019-12-30,2,2,2,0
2020-01-05,1,0,1,0
2020-01-07,3,3,3,0
2020-01-11,1,1,1,0
2020-01-17,1,1,1,0
2020-01-18,1,1,1,0
2020-01-23,2,2,2,0
2020-01-25,1,0,1,0
2020-01-27,1,1,1,0
2020-02-06,2,1,2,0
2020-02-08,1,0,1,0
2020-02-10,2,1,2,0
2020-02-14,1,0,1,0
2020-02-17,1,0,1,0
2020-02-22,1,0,1,0
2020-02-23,1,0,1,0
2020-02-25,2,0,1,0
2020-03-01,3,2,3,0
2020-03-04,3,0,3,0
2020-03-16,1,0,1,0
2020-03-17,1,1,1,0
2020-03-20,1,1,1,0
2020-03-23,1,0,1,0
2020-03-26,1,0,1,0
2020-03-28,2,1,2,0
2020-04-04,1,0,1,0
2020-04-08,1,1,1,1
2020-04-10,1,1,1,0
2020-04-12,1,1,1,0
2020-04-14,1,1,1,0
2020-04-15,1,0,1,0
2020-04-22,1,1,1,0
2020-04-27,1,0,1,0
2020-04-30,1,0,1,0
2020-05-03,1,1,1,1
2020-05-08,1,1,1,0
2020-05-10,1,1,1,0
2020-05-11,1,1,1,0
2020-05-15,1,1,1,0
2020-05-19,1,1,1,0
2020-05-20,1,1,1,0
2020-05-22,1,1,1,1
2020-05-24,1,0,1,0
2020-05-27,1,0,1,0
2020-05-29,1,1,1,0
2020-05-31,1,1,1,0
2020-06-02,1,0,1,0
2020-06-25,1,1,1,0
2020-06-28,1,1,1,0
2020-07-15,1,1,1,0
2020-07-19,1,0,1,0
2020-07-25,1,1,1,0
2020-08-01,2,1,2,0
2020-08-03,1,0,0,0
2020-08-04,1,1,1,0
2020-08-07,1,0,1,0
2020-08-09,1,0,1,0
2020-08-12,1,0,1,0
2020-08-22,2,1,2,0
2020-08-23,1,1,1,0
2020-08-30,1,0,1,0
2020-09-01,2,1,1,0
2020-09-03,1,0,1,0
2020-09-06,1,0,1,0
2020-09-15,2,1,2,0
2020-09-16,1,0,1,0
2020-09-18,1,1,1,0
2020-09-22,1,0,1,0
2020-09-26,2,0,1,0
2020-09-30,1,0,0,0
2020-10-01,1,0,1,0
2020-10-06,1,0,1,0
2020-10-07,2,2,2,2
2020-10-09,1,0,1,0
2020-10-10,1,0,1,0
2020-10-16,1,1,1,1
2020-10-18,1,1,1,0
2020-10-20,1,0,1,0
2020-10-22,2,1,2,0
2020-10-30,1,0,1,0
2020-10-31,1,0,1,0
2020-11-01,1,1,1,0
2020-11-07,1,1,1,0
2020-11-09,2,2,2,1
2020-11-11,2,1,2,0
2020-11-18,1,1,1,0
2020-11-20,1,1,1,0
2020-11-24,2,1,1,0
2020-11-26,1,1,1,1
2020-11-30,2,1,1,0
2020-12-05,1,0,1,0
2020-12-07,1,0,1,0
2020-12-15,1,0,1,0
2020-12-19,2,2,2,0
2020-12-20,1,0,1,0
2020-12-31,1,1,1,0
2021-01-13,1,0,1,0
2021-01-14,2,0,2,0
2021-01-17,1,1,1,1
2021-01-19,1,0,1,0
2021-01-23,1,0,0,0
2021-01-24,1,0,1,0
2021-01-26,1,0,1,0
2021-02-01,1,1,1,0
2021-02-07,1,0,0,0
2021-02-11,1,1,1,1
2021-02-15,2,2,2,0
2021-02-26,1,0,0,0
2021-03-05,1,1,1,0
2021-03-08,1,1,1,1
2021-03-09,1,0,1,0
2021-03-12,1,0,1,0
2021-03-17,1,1,1,0
2021-03-18,1,0,1,0
2021-03-22,1,1,1,0
2021-03-23,1,0,1,0
2021-03-30,1,1,1,0
2021-04-02,1,1,1,1
2021-04-07,1,1,1,0
2021-04-13,1,0,1,0
2021-04-19,1,1,0,0
2021-04-25,1,1,1,0
2021-04-30,2,0,2,0
2021-05-02,1,0,1,0
2021-05-04,1,0,0,0
2021-05-12,3,1,2,1
2021-05-26,1,1,1,0
2021-05-30,1,1,1,0
2021-05-31,1,1,1,0
2021-06-01,1,1,1,0
2021-06-05,1,0,1,0
2021-06-06,2,1,2,1
2021-06-11,1,0,1,0
2021-06-18,1,1,1,0
2021-06-21,1,1,1,1
2021-06-23,1,1,1,0
2021-06-25,1,1,1,0
2021-07-10,1,1,1,0
2021-07-14,1,1,0,0
2021-07-16,1,0,0,0
2021-07-28,1,0,1,0
2021-07-31,1,0,1,0
2021-08-01,1,1,1,0
2021-08-02,2,2,2,1
2021-08-08,1,1,1,0
2021-08-14,1,0,1,0
2021-08-21,1,1,1,0
2021-08-29,1,0,1,0
2021-09-01,1,1,1,0
2021-09-03,1,0,1,0
2021-09-05,1,1,1,0
2021-09-06,2,0,2,0
2021-09-07,1,0,1,0
2021-09-10,1,0,1,0
2021-09-13,2,2,2,0
2021-09-17,1,1,1,1
2021-09-27,1,0,1,0
2021-09-29,1,0,1,0
2021-10-02,1,0,1,0
2021-10-04,1,1,1,1
2021-10-06,1,0,1,0
2021-10-09,1,1,1,1
2021-10-13,2,2,2,0
2021-10-15,1,0,1,0
2021-10-20,1,1,0,1
2021-10-22,1,1,0,0
2021-10-23,1,1,1,0
2021-10-30,2,2,2,0
2021-11-07,2,1,2,1
2021-11-09,1,0,0,0
2021-11-10,1,0,1,0
2021-11-22,1,0,1,0
2021-11-23,1,1,1,0
2021-12-03,1,1,1,0
2021-12-06,1,0,1,0
2021-12-07,3,2,1,1
2021-12-16,1,1,1,0
2021-12-18,1,0,1,0
2021-12-23,1,1,1,1
2021-12-26,1,1,1,0
2021-12-28,1,1,1,1
2022-01-01,2,2,2,0
2022-01-04,1,1,1,0
2022-01-08,1,0,1,0
2022-01-10,1,1,0,0
2022-01-11,1,1,1,0
2022-01-12,1,1,1,1
2022-01-17,2,1,2,0
2022-01-20,1,0,1,0
2022-01-23,1,0,1,0
2022-01-24,1,0,0,0
2022-01-25,1,1,1,0
2022-01-26,1,0,1,0
2022-01-27,1,1,1,0
2022-02-08,1,0,1,0
2022-02-17,1,0,1,0
2022-02-20,1,1,1,0
2022-02-24,1,1,1,0
2022-02-26,1,0,0,0
2022-02-27,1,0,1,0
2022-03-05,1,1,1,1
2022-03-07,1,1,1,1
2022-03-10,1,0,0,0
2022-03-11,1,0,1,0
2022-03-14,3,2,2,2
2022-03-21,2,1,1,0
2022-03-24,1,0,0,0
2022-03-25,1,1,1,0
2022-03-26,1,0,1,0
2022-03-28,1,0,1,0
2022-03-29,1,1,1,0
2022-03-31,2,0,2,0
2022-04-01,3,1,3,0
2022-04-07,1,0,1,0
2022-04-08,1,0,1,0
2022-04-10,2,2,2,0
2022-04-11,2,2,2,1
2022-04-12,3,3,3,0
2022-04-17,1,1,1,0
2022-04-18,1,0,1,0
2022-04-19,1,0,1,0
2022-04-20,3,1,3,0
2022-04-24,1,0,1,0
2022-04-25,1,1,1,0
2022-04-27,1,1,1,0
2022-04-29,1,1,1,0
2022-05-04,1,0,1,0
2022-05-09,1,0,1,0
2022-05-10,2,1,2,0
2022-05-11,1,0,0,0
2022-05-12,1,1,1,0
2022-05-14,2,1,2,0
2022-05-16,1,1,1,0
2022-05-17,1,1,1,0
2022-05-18,1,0,1,0
2022-05-19,1,1,1,0
2022-05-22,1,1,1,0
2022-05-23,1,0,1,0
2022-05-24,1,1,1,0
2022-05-25,1,1,1,0
2022-05-29,2,1,2,0
2022-05-31,1,0,0,0
2022-06-01,1,0,1,0
2022-06-08,2,1,2,0
2022-06-10,1,0,1,0
2022-06-11,1,1,1,1
2022-06-12,1,1,1,0
2022-06-13,1,1,1,0
2022-06-19,1,1,1,1
2022-06-20,2,1,2,0
2022-06-21,1,1,1,0
2022-06-23,1,1,1,0
2022-06-24,1,0,1,0
2022-06-26,1,0,1,0
2022-06-28,1,1,1,0
2022-06-30,1,1,1,1
2022-07-01,2,1,1,0
2022-07-02,1,0,1,0
2022-07-05,1,1,1,0
2022-07-06,1,0,1,0
2022-07-07,1,0,1,0
2022-07-08,1,1,1,0
2022-07-12,4,2,2,1
2022-07-16,1,1,1,0
2022-07-18,3,2,3,0
2022-07-25,1,0,1,0
2022-07-28,1,1,1,1
2022-07-29,2,2,2,0
2022-08-01,4,2,4,0
2022-08-05,1,0,1,0
2022-08-09,1,1,1,0
2022-08-10,1,0,1,0
2022-08-11,1,0,1,0
2022-08-13,1,1,1,0
2022-08-15,1,0,1,0
2022-08-16,1,0,1,0
2022-08-25,2,1,1,0
2022-08-27,1,0,1,0
2022-08-30,1,1,1,0
2022-09-01,1,0,1,0
2022-09-07,1,1,1,0
2022-09-13,3,2,3,0
2022-09-20,1,0,1,0
2022-09-23,1,1,1,0
2022-09-25,1,0,1,0
2022-09-28,2,0,1,0
2022-09-29,2,1,2,0
2022-10-02,1,0,1,0
2022-10-04,1,1,1,0
2022-10-05,1,1,0,1
2022-10-08,2,1,2,0
2022-10-09,4,1,4,0
2022-10-10,1,1,1,0
2022-10-12,1,0,0,0
2022-10-15,1,0,1,0
2022-10-16,1,1,1,0
2022-10-21,1,0,1,0
2022-10-22,1,0,1,0
2022-10-23,1,1,1,0
2022-10-24,1,0,0,0
2022-10-25,1,0,1,0
2022-11-02,1,1,1,0
2022-11-04,3,2,3,0
2022-11-05,1,0,1,0
2022-11-10,2,1,2,1
2022-11-11,1,0,1,0
2022-11-13,2,1,2,0
2022-11-18,1,0,1,0
2022-11-22,1,1,1,0
2022-11-25,2,0,2,0
2022-11-28,1,0,1,0
2022-11-30,3,1,3,0
2022-12-02,2,0,2,0
2022-12-03,1,0,1,0
2022-12-05,1,1,1,0
2022-12-06,1,1,1,0
2022-12-08,1,1,1,0
2022-12-12,1,1,1,0
2022-12-15,2,0,2,0
2022-12-18,1,1,1,0
2022-12-20,2,1,2,0
2022-12-21,2,1,2,0
2022-12-31,1,1,1,0
2023-01-02,1,0,1,0
2023-01-03,1,0,1,0
2023-01-05,1,0,1,0
2023-01-06,1,0,1,0
2023-01-07,1,1,1,0
2023-01-08,1,1,1,0
2023-01-09,1,1,1,0
2023-01-14,1,1,1,0
2023-01-15,2,2,2,0
2023-01-28,1,1,1,1
2023-02-01,1,1,1,0
2023-02-02,1,1,1,0
2023-02-04,2,0,2,0
2023-02-07,1,1,1,0
2023-02-08,1,1,1,0
2023-02-09,1,1,1,0
2023-02-11,1,1,1,0
2023-02-13,1,1,1,0
2023-02-14,1,1,1,0
2023-02-16,2,2,2,0
2023-02-19,1,0,1,0
2023-02-20,1,1,1,0
2023-02-21,1,1,1,0
2023-02-22,1,1,1,0
2023-02-23,2,1,1,0
2023-02-24,2,2,2,0
2023-02-25,2,2,2,0
2023-02-28,1,1,1,0
2023-03-01,4,4,4,0
2023-03-04,1,0,1,0
2023-03-06,1,1,1,0
2023-03-08,1,0,1,0
2023-03-11,1,0,1,0
2023-03-12,1,1,1,0
2023-03-16,1,1,1,0
2023-03-17,2,2,2,0
2023-03-18,1,1,1,0
2023-03-19,2,0,2,0
2023-03-20,4,1,4,0
2023-03-21,1,1,1,0
2023-03-22,4,3,4,0
2023-03-25,1,1,1,0
2023-03-26,3,3,3,0
2023-03-28,2,1,2,0
2023-03-29,1,1,1,0
2023-03-30,1,1,1,0
2023-04-04,1,0,0,0
2023-04-07,2,0,2,0
2023-04-08,1,1,1,0
2023-04-09,1,0,1,0
2023-04-10,2,0,1,0
2023-04-11,2,0,2,0
2023-04-14,2,1,2,0
2023-04-16,2,1,2,0
2023-04-17,1,0,1,0
2023-04-18,1,0,1,0
2023-04-19,1,0,0,0
2023-04-24,2,1,2,0
2023-04-26,2,0,2,0
2023-04-27,1,0,1,0
2023-04-28,1,0,1,0
2023-04-29,1,1,1,1
2023-05-01,2,0,2,0
2023-05-02,2,0,0,0
2023-05-03,2,0,2,0
2023-05-05,1,1,1,0
2023-05-07,1,1,1,0
2023-05-10,1,0,1,0
2023-05-11,2,1,2,0
2023-05-15,1,1,1,1
2023-05-17,1,0,1,0
2023-05-19,1,1,1,0
2023-05-20,3,2,3,0
2023-05-21,1,0,1,0
2023-05-25,1,0,1,0
2023-05-26,1,0,1,0
2023-05-27,1,1,1,0
2023-05-29,1,0,1,0
2023-05-30,1,0,1,0
2023-06-01,2,1,1,0
2023-06-02,1,0,1,0
2023-06-03,2,1,2,0
2023-06-05,1,0,1,0
2023-06-06,1,0,1,0
2023-06-07,1,1,1,0
2023-06-09,1,0,1,0
2023-06-10,2,1,2,1
2023-06-12,2,1,2,0
2023-06-13,3,2,2,0
2023-06-14,1,1,1,0
2023-06-15,2,1,2,0
2023-06-16,1,1,1,0
2023-06-19,1,1,1,0
2023-06-21,1,1,1,0
2023-06-22,2,2,2,1
2023-06-23,2,0,1,0
2023-06-24,1,0,0,0
2023-06-25,1,0,1,0
2023-06-27,1,1,1,0
2023-06-29,1,0,0,0
2023-06-30,1,0,0,0
2023-07-01,1,1,1,0
2023-07-02,1,1,1,0
2023-07-04,1,1,1,0
2023-07-05,1,1,1,0
2023-07-06,1,1,1,1
2023-07-07,1,1,1,0
2023-07-11,1,0,1,0
2023-07-12,1,1,1,0
2023-07-13,1,0,1,0
2023-07-15,1,0,1,0
2023-07-16,1,1,1,0
2023-07-17,1,0,0,0
2023-07-18,1,0,0,0
2023-07-19,1,1,1,0
2023-07-20,1,0,1,0
2023-07-22,2,2,2,0
2023-07-23,1,0,1,0
2023-07-24,1,1,1,0
2023-07-25,2,0,2,0
2023-07-26,1,1,1,1
2023-07-29,1,0,1,0
2023-07-30,2,0,2,0
2023-07-31,2,1,2,0
2023-08-01,1,1,1,0
2023-08-02,2,0,2,0
2023-08-03,3,0,3,0
2023-08-04,1,0,1,0
2023-08-05,1,0,1,0
2023-08-06,1,0,1,0
2023-08-08,1,1,1,0
2023-08-11,2,0,2,0
2023-08-16,1,1,1,0
2023-08-17,1,1,1,0
2023-08-18,1,0,1,0
2023-08-20,1,1,1,1
2023-08-23,1,1,0,1
2023-08-26,1,0,1,0
2023-08-28,2,1,2,0
2023-08-29,1,1,1,0
2023-08-30,1,0,1,0
2023-09-02,2,0,2,0
2023-09-05,1,0,0,0
2023-09-08,2,1,2,1
2023-09-09,2,1,2,0
2023-09-10,1,0,1,0
2023-09-13,1,1,1,0
2023-09-14,1,0,1,0
2023-09-15,1,1,1,0
2023-09-16,1,0,1,0
2023-09-18,2,1,1,0
2023-09-19,1,1,1,0
2023-09-20,1,0,0,0
2023-09-22,1,0,1,0
2023-09-23,1,1,1,0
2023-09-25,1,1,1,0
2023-10-01,1,0,1,0
2023-10-02,1,0,1,0
2023-10-04,1,1,1,0
2023-10-06,1,0,1,0
2023-10-07,2,2,2,0
2023-10-13,1,1,1,0
2023-10-14,2,1,2,0
2023-10-21,1,0,1,0
2023-10-22,3,1,3,0
2023-10-23,1,1,1,0
2023-10-26,1,0,1,0
2023-10-27,2,1,2,0
2023-10-28,1,1,1,0
2023-10-30,3,0,3,0
2023-10-31,1,0,1,0
2023-11-01,3,2,3,0
2023-11-04,1,1,1,1
2023-11-06,1,0,1,0
2023-11-09,1,0,1,0
2023-11-14,1,0,1,0
2023-11-19,1,0,1,0
2023-11-20,1,0,1,0
2023-11-24,1,0,1,0
2023-12-01,1,0,1,0
2023-12-02,1,1,1,0
2023-12-04,1,1,1,0
2023-12-05,1,0,1,0
2023-12-06,1,1,1,0
2023-12-07,1,0,1,0
2023-12-10,1,0,1,0
2023-12-11,2,0,1,0
2023-12-12,1,1,1,0
2023-12-15,4,0,2,0
2023-12-20,2,2,2,0
2023-12-23,1,1,1,1
2023-12-24,1,0,1,0
2023-12-25,2,1,2,0
2023-12-26,1,0,1,0
2023-12-27,2,0,2,0
2023-12-28,1,1,1,0
2023-12-29,1,1,1,0
2024-01-01,2,1,2,1
2024-01-02,1,0,1,0
2024-01-09,1,0,1,0
2024-01-10,1,1,1,0
2024-01-11,1,0,1,0
2024-01-13,1,1,1,1
2024-01-17,2,1,2,0
2024-01-18,1,0,1,0
2024-01-19,1,0,1,0
2024-01-20,2,2,2,0
2024-01-22,1,1,1,0
2024-01-23,1,0,1,0
2024-01-25,1,1,1,0
2024-01-26,1,0,1,0
2024-01-28,1,1,1,0
2024-02-01,1,0,1,0
2024-02-03,1,0,0,0
2024-02-05,2,0,2,0
2024-02-06,2,1,2,0
2024-02-08,1,1,1,0
2024-02-10,2,0,2,0
2024-02-12,1,1,1,0
2024-02-15,1,0,1,0
2024-02-20,1,1,1,1
2024-02-22,1,0,1,0
2024-02-23,1,0,0,0
2024-02-27,1,0,1,0
2024-02-28,1,0,1,0
2024-03-01,3,0,3,0
2024-03-09,1,0,1,0
2024-03-10,1,1,1,0
2024-03-12,1,0,1,0
2024-03-13,1,0,1,0
2024-03-14,2,0,2,0
2024-03-15,1,0,0,0
2024-03-18,2,0,2,0
2024-03-19,1,1,0,1
2024-03-21,1,0,1,0
2024-03-22,1,0,0,0
2024-03-26,1,1,1,0
2024-03-28,1,1,1,0
2024-03-30,3,1,2,0
2024-04-01,1,1,1,0
2024-04-02,1,0,1,0
2024-04-03,1,0,1,0
2024-04-10,2,1,2,0
2024-04-13,2,1,1,1
2024-04-15,2,0,2,0
2024-04-20,1,0,1,0
2024-04-25,1,0,1,0
2024-04-27,1,0,1,0
2024-04-28,1,0,1,0
2024-04-29,1,0,1,0
2024-04-30,1,0,1,0
2024-05-01,2,1,2,0
2024-05-02,1,1,1,0
2024-05-03,1,0,1,0
2024-05-05,2,1,2,0
2024-05-07,1,0,1,0
2024-05-08,2,1,2,0
2024-05-10,1,1,1,0
2024-05-12,2,1,2,0
2024-05-13,1,0,1,0
2024-05-16,3,2,3,0
2024-05-17,3,0,1,0
2024-05-18,1,0,1,0
2024-05-19,1,0,1,0
2024-05-20,2,0,2,0
2024-05-21,3,1,3,0
2024-05-22,1,0,1,0
2024-05-23,1,0,0,0
2024-05-24,1,0,0,0
2024-05-30,2,0,1,0
2024-05-31,1,0,1,0
2024-06-08,1,1,1,1
2024-06-10,1,1,1,1
2024-06-12,1,0,1,0
2024-06-13,1,0,1,0
2024-06-14,1,0,1,0
2024-06-17,3,0,3,0
2024-06-19,2,1,2,0
2024-06-20,3,1,2,0
2024-06-21,2,2,2,2
2024-06-23,1,1,1,0
2024-06-25,2,1,2,0
2024-06-26,1,0,1,0
2024-06-27,2,0,2,0
2024-06-28,2,1,2,0
2024-07-01,1,0,1,0
2024-07-02,5,3,5,0
2024-07-03,1,0,1,0
2024-07-04,2,0,2,0
2024-07-05,2,1,2,0
2024-07-08,1,0,1,0
2024-07-13,1,1,1,1
2024-07-15,1,1,1,0
2024-07-16,2,2,2,0
2024-07-17,3,1,3,1
2024-07-19,2,2,2,0
2024-07-20,1,1,1,0
2024-07-22,1,1,1,0
2024-07-24,1,1,1,0
2024-07-25,1,0,1,0
2024-07-26,2,0,2,0
2024-07-29,3,0,3,0
2024-07-30,2,0,2,0
2024-07-31,1,0,1,0
2024-08-01,1,1,1,0
2024-08-04,1,0,0,0
2024-08-05,2,1,2,0
2024-08-10,1,0,1,0
2024-08-12,2,2,2,0
2024-08-13,1,1,1,0
2024-08-14,2,1,2,0
2024-08-15,1,1,1,1
2024-08-16,2,0,0,0
2024-08-17,1,0,1,0
2024-08-20,2,1,2,0
2024-08-22,1,0,1,0
2024-08-23,1,1,1,1
2024-08-24,1,1,1,0
2024-08-25,2,1,2,1
2024-08-27,2,0,1,0
2024-08-30,1,1,1,0
2024-09-03,1,1,1,1
2024-09-07,1,0,1,0
2024-09-08,1,1,1,0
2024-09-11,2,0,1,0
2024-09-13,1,0,1,0
2024-09-14,1,1,1,1
2024-09-15,1,1,1,0
2024-09-17,1,0,1,0
2024-09-22,1,0,1,0
2024-09-23,1,1,1,0
2024-09-26,2,0,1,0
2024-09-27,2,1,2,0
2024-09-29,1,1,1,1
2024-09-30,1,1,1,0
2024-10-01,2,0,2,0
2024-10-02,3,2,3,0
2024-10-03,1,0,1,0
2024-10-08,2,1,2,0
2024-10-09,3,3,1,2
2024-10-12,1,1,1,1
2024-10-13,1,0,0,0
2024-10-15,2,2,2,1
2024-10-16,1,1,1,0
2024-10-17,1,0,1,0
2024-10-20,3,1,3,0
2024-10-23,1,0,0,0
2024-10-24,2,0,2,0
2024-10-25,1,1,0,0
2024-10-27,2,2,2,1
2024-11-02,1,1,1,0
2024-11-04,1,0,1,0
2024-11-06,1,1,1,0
2024-11-07,1,1,1,0
2024-11-08,1,0,1,0
2024-11-09,1,1,1,1
2024-11-10,2,2,2,0
2024-11-11,1,0,1,0
2024-11-12,1,1,1,0
2024-11-14,1,1,1,0
2024-11-15,1,1,1,0
2024-11-16,1,1,1,0
2024-11-17,2,1,2,0
2024-11-18,2,1,2,0
2024-11-21,2,2,2,0
2024-11-24,3,2,3,0
2024-12-02,2,0,1,0
2024-12-03,2,1,1,0
2024-12-06,1,0,0,0
2024-12-07,1,0,1,0
2024-12-09,2,0,1,0
2024-12-11,1,0,1,0
2024-12-14,2,1,2,1
2024-12-15,1,1,1,0
2024-12-17,1,0,1,0
2024-12-19,1,1,1,0
2024-12-20,3,3,3,1
2024-12-22,1,1,1,0
2024-12-27,1,0,1,0
2024-12-28,1,1,1,0
2024-12-31,1,0,1,0
2025-01-02,1,1,1,0
2025-01-03,2,1,2,1
2025-01-05,1,0,1,0
2025-01-07,1,1,1,0
2025-01-11,1,0,1,0
2025-01-19,1,0,0,0
2025-01-26,2,1,2,0
2025-01-27,1,1,1,0
2025-02-01,2,1,2,0
2025-02-02,1,0,0,0
2025-02-06,1,1,1,0
2025-02-07,1,1,0,1
2025-02-09,1,0,1,0
2025-02-10,1,0,1,0
2025-02-12,1,1,1,1
2025-02-13,1,0,1,0
2025-02-15,2,1,2,0
2025-02-19,1,0,1,0
2025-02-20,1,1,1,1
2025-02-21,1,1,1,0
2025-02-22,2,2,2,0
2025-02-24,1,1,1,0
2025-02-25,1,0,1,0
2025-02-26,1,1,1,1
2025-03-01,1,1,1,0
2025-03-02,2,0,1,0
2025-03-04,1,0,1,0
2025-03-05,1,1,1,0
2025-03-06,2,2,2,0
2025-03-13,2,0,1,0
2025-03-17,1,0,0,0
2025-03-18,1,0,1,0
2025-03-21,3,0,2,0
2025-03-24,1,0,0,0
2025-03-31,1,0,1,0
2025-04-01,1,0,1,0
2025-04-04,1,1,1,1
2025-04-11,1,0,1,0
2025-04-13,1,0,1,0
2025-04-17,1,0,1,0
2025-04-21,1,0,1,0
2025-04-26,2,1,2,0
2025-05-01,1,1,1,0
2025-05-03,1,0,1,0
2025-05-07,1,0,1,0
2025-05-08,2,0,2,0
2025-05-14,1,1,1,0
2025-05-17,1,1,1,0
2025-05-18,2,1,1,0
2025-05-19,1,1,1,0
2025-05-21,1,0,1,0
2025-05-25,3,0,3,0
2025-05-26,1,0,1,0
2025-05-30,3,0,2,0
2025-06-02,1,1,1,0
2025-06-03,1,0,1,0
2025-06-04,1,0,1,0
2025-06-05,1,0,1,0
2025-06-06,2,0,1,0
2025-06-07,1,0,1,0
2025-06-08,2,2,2,0
2025-06-13,3,0,2,0
2025-06-14,1,0,1,0
2025-06-15,2,0,0,0
2025-06-17,1,1,1,0
2025-06-18,1,1,1,0
2025-06-19,1,0,1,0
2025-06-20,6,1,2,0
2025-06-21,2,2,2,0
2025-06-22,1,1,1,0
2025-06-23,2,2,2,0
2025-06-24,2,2,2,0
2025-06-26,1,1,1,1
2025-06-28,2,0,2,0
2025-06-30,1,0,1,0
2025-07-02,2,0,1,0
2025-07-03,1,0,1,0
2025-07-06,1,1,1,0
2025-07-07,1,0,1,0
2025-07-08,1,0,1,0
2025-07-10,1,0,1,0
2025-07-11,1,1,1,0
2025-07-12,1,1,1,0
2025-07-14,1,1,1,0
2025-07-15,1,0,1,0
2025-07-16,2,0,1,0
2025-07-17,1,0,1,0
2025-07-18,1,1,1,0
2025-07-19,1,0,1,0
2025-07-22,1,0,1,0
2025-07-25,1,1,1,0
2025-07-27,1,0,1,0
2025-07-28,1,1,1,0
2025-08-01,1,0,1,0
2025-08-04,1,0,1,0
2025-08-05,2,0,2,0
2025-08-06,1,1,1,0
2025-08-07,4,0,4,0
2025-08-10,1,0,1,0
2025-08-12,1,0,1,0
2025-08-13,1,0,1,0
2025-08-14,1,0,1,0
2025-08-15,1,0,1,0
2025-08-21,2,1,2,0
2025-08-22,1,0,1,0
2025-08-25,1,0,1,0
2025-08-26,1,0,1,0
2025-08-27,1,1,1,0
2025-08-28,2,0,2,0
2025-08-29,1,0,1,0
2025-09-02,1,1,1,0
2025-09-03,1,0,1,0
2025-09-05,1,1,1,0
2025-09-06,2,1,2,0
2025-09-07,1,0,1,0
2025-09-08,1,1,1,0
2025-09-09,3,2,3,1
2025-09-14,1,1,1,1
2025-09-15,1,1,1,0
2025-09-16,3,1,2,1
2025-09-17,1,0,1,0
2025-09-18,3,1,3,1
2025-09-19,1,0,1,0
2025-09-20,1,0,1,0
2025-09-21,1,0,1,0
2025-09-26,1,1,1,0
2025-09-27,1,0,1,0
2025-09-29,1,0,1,0
2025-10-01,1,0,0,0
2025-10-02,1,0,1,0
2025-10-03,1,0,1,0
2025-10-04,1,0,1,0
2025-10-06,3,2,3,1
2025-10-07,2,0,2,0
2025-10-08,2,2,2,0
2025-10-09,1,0,1,0
2025-10-10,1,0,1,0
2025-10-12,1,1,1,0
2025-10-17,2,1,2,0
2025-10-18,1,0,1,0
2025-10-20,2,2,2,0
2025-10-21,2,0,1,0
2025-10-23,1,0,1,0
2025-10-24,1,0,1,0
2025-10-25,1,0,1,0
2025-10-26,1,0,1,0
2025-10-29,1,0,1,0
2025-11-01,2,2,2,1
2025-11-02,1,0,1,0
2025-11-03,1,1,1,0
2025-11-04,1,1,1,1
2025-11-05,2,0,1,0
2025-11-07,1,1,1,0
2025-11-08,1,0,1,0
2025-11-09,1,0,1,0
2025-11-11,1,1,1,0
2025-11-14,1,0,1,0
2025-11-15,1,0,1,0
2025-11-16,1,0,1,0
2025-11-17,3,0,3,0
2025-11-19,1,0,1,0
2025-11-20,2,1,2,0
2025-11-21,2,1,2,1
2025-11-24,1,0,1,0
2025-11-25,1,0,1,0
2025-11-29,1,1,1,0
2025-12-01,1,0,1,0
2025-12-02,1,0,1,0
2025-12-05,1,1,1,0
2025-12-07,1,1,1,0
2025-12-08,2,1,2,0
2025-12-11,3,1,3,0
2025-12-14,1,0,1,0
2025-12-15,1,0,1,0
2025-12-17,2,2,2,1
2025-12-18,1,1,1,0
2025-12-19,1,0,1,0
2025-12-24,2,0,2,0
2025-12-25,1,0,1,0
2025-12-26,2,0,2,0
2025-12-28,1,1,1,0
2026-01-02,1,1,1,0
2026-01-03,2,0,1,0
2026-01-04,2,1,2,0
2026-01-05,1,1,1,0
2026-01-06,1,0,1,0
2026-01-07,1,0,1,0
2026-01-08,1,1,1,0
2026-01-09,1,0,1,0
2026-01-10,2,0,2,0
2026-01-12,2,0,2,0
2026-01-13,1,0,1,0
2026-01-16,1,0,1,0
2026-01-20,2,0,2,0
2026-01-22,1,0,1,0
2026-01-23,1,1,1,1
2026-01-24,1,1,1,0
2026-01-28,1,0,1,0
2026-01-30,2,0,2,0
2026-01-31,1,0,1,0
2026-02-02,1,0,1,0
2026-02-03,1,1,1,0
2026-02-06,1,1,1,1
2026-02-07,1,0,1,0
2026-02-08,2,1,2,0
2026-02-09,1,0,0,0
2026-02-10,1,1,1,0
2026-02-12,1,1,1,0
2026-02-13,2,0,2,0
2026-02-15,2,0,2,0
2026-02-17,1,1,1,0
2026-02-22,1,1,1,1
2026-02-25,3,1,2,0
2026-02-26,1,0,1,0
2026-02-28,1,0,0,0
2026-03-01,1,1,1,0
2026-03-03,1,0,1,0
2026-03-04,2,0,1,0
2026-03-06,2,1,2,0
2026-03-07,1,0,1,0
2026-03-08,2,1,2,0
2026-03-09,1,1,1,0
2026-03-12,2,1,2,0
2026-03-13,2,1,2,0
2026-03-16,1,1,1,0
2026-03-17,1,1,1,0
2026-03-18,1,0,1,0
2026-03-20,1,1,1,0
2026-03-22,1,1,1,1
2026-03-24,1,0,1,0
2026-03-26,1,0,1,0
2026-03-27,1,0,1,0
2026-03-28,1,0,1,0
2026-03-29,3,0,3,0
2026-04-02,2,0,2,0
2026-04-03,1,1,1,1
2026-04-05,1,1,1,0
2026-04-07,1,1,1,0
2026-04-08,1,1,1,0
2026-04-12,2,1,1,0
2026-04-13,1,0,1,0
2026-04-14,1,0,1,0
2026-04-15,2,1,2,1
2026-04-16,1,1,1,0
2026-04-17,1,1,1,1
2026-04-18,1,0,1,0
2026-04-19,1,0,1,0
2026-04-20,2,2,2,0
2026-04-21,1,1,1,0
2026-04-22,2,1,2,0
2026-04-23,2,1,2,0
2026-04-24,2,0,1,0
2026-04-25,1,1,1,0
2026-04-27,2,1,1,0
2026-04-28,2,2,2,1
2026-04-29,2,1,2,0
2026-04-30,5,1,5,0
2026-05-01,1,0,1,0
2026-05-02,2,1,2,0
2026-05-03,3,2,3,0
2026-05-04,2,1,2,0
2026-05-05,1,0,1,0
2026-05-06,2,1,2,0
2026-05-07,1,0,1,0
2026-05-08,1,0,1,0
2026-05-09,2,0,2,0
2026-05-10,3,2,3,0
2026-05-11,1,0,1,0
2026-05-13,2,1,2,0
2026-05-14,1,1,1,0
2026-05-19,1,0,0,0
2026-05-21,2,2,2,1
2026-05-23,2,1,2,0
2026-05-24,1,0,1,0
2026-05-25,1,0,1,0
2026-05-27,3,2,3,1
2026-05-28,2,1,2,0
2026-05-30,2,0,1,0
2026-06-01,4,2,4,0
2026-06-03,1,1,1,0
2026-06-07,1,1,1,1
2026-06-08,2,0,2,0
2026-06-10,1,0,1,0
2026-06-11,1,1,1,0
2026-06-12,2,0,1,0
2026-06-13,1,0,1,0
2026-06-14,1,0,1,0
2026-06-16,1,1,1,0
2026-06-18,1,0,1,0
2026-06-20,2,0,0,0
2026-06-21,1,1,1,0
2026-06-22,1,0,1,0
2026-06-24,2,0,1,0
2026-06-26,1,0,1,0
2026-06-27,1,0,1,0
2026-06-28,1,1,1,0
2026-07-02,3,1,1,0
2026-07-11,1,0,1,0
